area_code,area_name,area_unit,dimension,dimension_value,population
E06000001,Hartlepool,Local Authority,age_group,18 to 24,7572
E06000001,Hartlepool,Local Authority,age_group,18 to 64,57442
E06000001,Hartlepool,Local Authority,age_group,25 to 44,24658
E06000001,Hartlepool,Local Authority,age_group,45 to 64,25212
E06000001,Hartlepool,Local Authority,age_group,65 and above,19648
E06000001,Hartlepool,Local Authority,age_group,65 to 74,10622
E06000001,Hartlepool,Local Authority,age_group,75 to 84,6567
E06000001,Hartlepool,Local Authority,age_group,85 and above,2459
E06000001,Hartlepool,Local Authority,age_group,All,77090
E06000001,Hartlepool,Local Authority,ethnicity,All,72514
E06000001,Hartlepool,Local Authority,ethnicity,Asian or Asian British,1128
E06000001,Hartlepool,Local Authority,ethnicity,"Black, Black British, Caribbean or African",262
E06000001,Hartlepool,Local Authority,ethnicity,Mixed or multiple ethnic groups,343
E06000001,Hartlepool,Local Authority,ethnicity,Other ethnic group,367
E06000001,Hartlepool,Local Authority,ethnicity,White,70414
E06000001,Hartlepool,Local Authority,gender,All,77090
E06000001,Hartlepool,Local Authority,gender,Female,40040
E06000001,Hartlepool,Local Authority,gender,Male,37050
E06000002,Middlesbrough,Local Authority,age_group,18 to 24,14142
E06000002,Middlesbrough,Local Authority,age_group,18 to 64,94563
E06000002,Middlesbrough,Local Authority,age_group,25 to 44,46796
E06000002,Middlesbrough,Local Authority,age_group,45 to 64,33625
E06000002,Middlesbrough,Local Authority,age_group,65 and above,25981
E06000002,Middlesbrough,Local Authority,age_group,65 to 74,14248
E06000002,Middlesbrough,Local Authority,age_group,75 to 84,8472
E06000002,Middlesbrough,Local Authority,age_group,85 and above,3261
E06000002,Middlesbrough,Local Authority,age_group,All,120544
E06000002,Middlesbrough,Local Authority,ethnicity,All,110458
E06000002,Middlesbrough,Local Authority,ethnicity,Asian or Asian British,10684
E06000002,Middlesbrough,Local Authority,ethnicity,"Black, Black British, Caribbean or African",2628
E06000002,Middlesbrough,Local Authority,ethnicity,Mixed or multiple ethnic groups,1469
E06000002,Middlesbrough,Local Authority,ethnicity,Other ethnic group,2215
E06000002,Middlesbrough,Local Authority,ethnicity,White,93462
E06000002,Middlesbrough,Local Authority,gender,All,120544
E06000002,Middlesbrough,Local Authority,gender,Female,60860
E06000002,Middlesbrough,Local Authority,gender,Male,59684
E06000003,Redcar and Cleveland,Local Authority,age_group,18 to 24,9354
E06000003,Redcar and Cleveland,Local Authority,age_group,18 to 64,78245
E06000003,Redcar and Cleveland,Local Authority,age_group,25 to 44,31760
E06000003,Redcar and Cleveland,Local Authority,age_group,45 to 64,37131
E06000003,Redcar and Cleveland,Local Authority,age_group,65 and above,33484
E06000003,Redcar and Cleveland,Local Authority,age_group,65 to 74,17013
E06000003,Redcar and Cleveland,Local Authority,age_group,75 to 84,12317
E06000003,Redcar and Cleveland,Local Authority,age_group,85 and above,4154
E06000003,Redcar and Cleveland,Local Authority,age_group,All,111729
E06000003,Redcar and Cleveland,Local Authority,ethnicity,All,109276
E06000003,Redcar and Cleveland,Local Authority,ethnicity,Asian or Asian British,860
E06000003,Redcar and Cleveland,Local Authority,ethnicity,"Black, Black British, Caribbean or African",208
E06000003,Redcar and Cleveland,Local Authority,ethnicity,Mixed or multiple ethnic groups,566
E06000003,Redcar and Cleveland,Local Authority,ethnicity,Other ethnic group,343
E06000003,Redcar and Cleveland,Local Authority,ethnicity,White,107299
E06000003,Redcar and Cleveland,Local Authority,gender,All,111729
E06000003,Redcar and Cleveland,Local Authority,gender,Female,58016
E06000003,Redcar and Cleveland,Local Authority,gender,Male,53713
E06000004,Stockton-on-Tees,Local Authority,age_group,18 to 24,13794
E06000004,Stockton-on-Tees,Local Authority,age_group,18 to 64,121414
E06000004,Stockton-on-Tees,Local Authority,age_group,25 to 44,55337
E06000004,Stockton-on-Tees,Local Authority,age_group,45 to 64,52283
E06000004,Stockton-on-Tees,Local Authority,age_group,65 and above,40307
E06000004,Stockton-on-Tees,Local Authority,age_group,65 to 74,21630
E06000004,Stockton-on-Tees,Local Authority,age_group,75 to 84,13924
E06000004,Stockton-on-Tees,Local Authority,age_group,85 and above,4753
E06000004,Stockton-on-Tees,Local Authority,age_group,All,161721
E06000004,Stockton-on-Tees,Local Authority,ethnicity,All,153331
E06000004,Stockton-on-Tees,Local Authority,ethnicity,Asian or Asian British,6316
E06000004,Stockton-on-Tees,Local Authority,ethnicity,"Black, Black British, Caribbean or African",1420
E06000004,Stockton-on-Tees,Local Authority,ethnicity,Mixed or multiple ethnic groups,1343
E06000004,Stockton-on-Tees,Local Authority,ethnicity,Other ethnic group,1163
E06000004,Stockton-on-Tees,Local Authority,ethnicity,White,143089
E06000004,Stockton-on-Tees,Local Authority,gender,All,161721
E06000004,Stockton-on-Tees,Local Authority,gender,Female,82188
E06000004,Stockton-on-Tees,Local Authority,gender,Male,79533
E06000005,Darlington,Local Authority,age_group,18 to 24,7358
E06000005,Darlington,Local Authority,age_group,18 to 64,65921
E06000005,Darlington,Local Authority,age_group,25 to 44,29008
E06000005,Darlington,Local Authority,age_group,45 to 64,29555
E06000005,Darlington,Local Authority,age_group,65 and above,23797
E06000005,Darlington,Local Authority,age_group,65 to 74,12111
E06000005,Darlington,Local Authority,age_group,75 to 84,8538
E06000005,Darlington,Local Authority,age_group,85 and above,3148
E06000005,Darlington,Local Authority,age_group,All,89718
E06000005,Darlington,Local Authority,ethnicity,All,85568
E06000005,Darlington,Local Authority,ethnicity,Asian or Asian British,2150
E06000005,Darlington,Local Authority,ethnicity,"Black, Black British, Caribbean or African",519
E06000005,Darlington,Local Authority,ethnicity,Mixed or multiple ethnic groups,715
E06000005,Darlington,Local Authority,ethnicity,Other ethnic group,634
E06000005,Darlington,Local Authority,ethnicity,White,81550
E06000005,Darlington,Local Authority,gender,All,89718
E06000005,Darlington,Local Authority,gender,Female,46092
E06000005,Darlington,Local Authority,gender,Male,43626
E06000006,Halton,Local Authority,age_group,18 to 24,9696
E06000006,Halton,Local Authority,age_group,18 to 64,78425
E06000006,Halton,Local Authority,age_group,25 to 44,34532
E06000006,Halton,Local Authority,age_group,45 to 64,34197
E06000006,Halton,Local Authority,age_group,65 and above,25379
E06000006,Halton,Local Authority,age_group,65 to 74,14234
E06000006,Halton,Local Authority,age_group,75 to 84,8600
E06000006,Halton,Local Authority,age_group,85 and above,2545
E06000006,Halton,Local Authority,age_group,All,103804
E06000006,Halton,Local Authority,ethnicity,All,100958
E06000006,Halton,Local Authority,ethnicity,Asian or Asian British,1120
E06000006,Halton,Local Authority,ethnicity,"Black, Black British, Caribbean or African",417
E06000006,Halton,Local Authority,ethnicity,Mixed or multiple ethnic groups,953
E06000006,Halton,Local Authority,ethnicity,Other ethnic group,557
E06000006,Halton,Local Authority,ethnicity,White,97911
E06000006,Halton,Local Authority,gender,All,103804
E06000006,Halton,Local Authority,gender,Female,53338
E06000006,Halton,Local Authority,gender,Male,50466
E06000007,Warrington,Local Authority,age_group,18 to 24,13641
E06000007,Warrington,Local Authority,age_group,18 to 64,127907
E06000007,Warrington,Local Authority,age_group,25 to 44,55646
E06000007,Warrington,Local Authority,age_group,45 to 64,58620
E06000007,Warrington,Local Authority,age_group,65 and above,42685
E06000007,Warrington,Local Authority,age_group,65 to 74,21276
E06000007,Warrington,Local Authority,age_group,75 to 84,15754
E06000007,Warrington,Local Authority,age_group,85 and above,5655
E06000007,Warrington,Local Authority,age_group,All,170592
E06000007,Warrington,Local Authority,ethnicity,All,167848
E06000007,Warrington,Local Authority,ethnicity,Asian or Asian British,5085
E06000007,Warrington,Local Authority,ethnicity,"Black, Black British, Caribbean or African",1167
E06000007,Warrington,Local Authority,ethnicity,Mixed or multiple ethnic groups,1589
E06000007,Warrington,Local Authority,ethnicity,Other ethnic group,1312
E06000007,Warrington,Local Authority,ethnicity,White,158695
E06000007,Warrington,Local Authority,gender,All,170592
E06000007,Warrington,Local Authority,gender,Female,87122
E06000007,Warrington,Local Authority,gender,Male,83470
E06000008,Blackburn with Darwen,Local Authority,age_group,18 to 24,14643
E06000008,Blackburn with Darwen,Local Authority,age_group,18 to 64,97561
E06000008,Blackburn with Darwen,Local Authority,age_group,25 to 44,44713
E06000008,Blackburn with Darwen,Local Authority,age_group,45 to 64,38205
E06000008,Blackburn with Darwen,Local Authority,age_group,65 and above,23175
E06000008,Blackburn with Darwen,Local Authority,age_group,65 to 74,12738
E06000008,Blackburn with Darwen,Local Authority,age_group,75 to 84,7806
E06000008,Blackburn with Darwen,Local Authority,age_group,85 and above,2631
E06000008,Blackburn with Darwen,Local Authority,age_group,All,120736
E06000008,Blackburn with Darwen,Local Authority,ethnicity,All,114947
E06000008,Blackburn with Darwen,Local Authority,ethnicity,Asian or Asian British,36766
E06000008,Blackburn with Darwen,Local Authority,ethnicity,"Black, Black British, Caribbean or African",903
E06000008,Blackburn with Darwen,Local Authority,ethnicity,Mixed or multiple ethnic groups,1251
E06000008,Blackburn with Darwen,Local Authority,ethnicity,Other ethnic group,1380
E06000008,Blackburn with Darwen,Local Authority,ethnicity,White,74647
E06000008,Blackburn with Darwen,Local Authority,gender,All,120736
E06000008,Blackburn with Darwen,Local Authority,gender,Female,60856
E06000008,Blackburn with Darwen,Local Authority,gender,Male,59880
E06000009,Blackpool,Local Authority,age_group,18 to 24,10330
E06000009,Blackpool,Local Authority,age_group,18 to 64,85283
E06000009,Blackpool,Local Authority,age_group,25 to 44,36447
E06000009,Blackpool,Local Authority,age_group,45 to 64,38506
E06000009,Blackpool,Local Authority,age_group,65 and above,29985
E06000009,Blackpool,Local Authority,age_group,65 to 74,15248
E06000009,Blackpool,Local Authority,age_group,75 to 84,10857
E06000009,Blackpool,Local Authority,age_group,85 and above,3880
E06000009,Blackpool,Local Authority,age_group,All,115268
E06000009,Blackpool,Local Authority,ethnicity,All,113146
E06000009,Blackpool,Local Authority,ethnicity,Asian or Asian British,2829
E06000009,Blackpool,Local Authority,ethnicity,"Black, Black British, Caribbean or African",568
E06000009,Blackpool,Local Authority,ethnicity,Mixed or multiple ethnic groups,1107
E06000009,Blackpool,Local Authority,ethnicity,Other ethnic group,684
E06000009,Blackpool,Local Authority,ethnicity,White,107958
E06000009,Blackpool,Local Authority,gender,All,115268
E06000009,Blackpool,Local Authority,gender,Female,58354
E06000009,Blackpool,Local Authority,gender,Male,56914
E06000010,"Kingston upon Hull, City of",Local Authority,age_group,18 to 24,24558
E06000010,"Kingston upon Hull, City of",Local Authority,age_group,18 to 64,170323
E06000010,"Kingston upon Hull, City of",Local Authority,age_group,25 to 44,81831
E06000010,"Kingston upon Hull, City of",Local Authority,age_group,45 to 64,63934
E06000010,"Kingston upon Hull, City of",Local Authority,age_group,65 and above,42699
E06000010,"Kingston upon Hull, City of",Local Authority,age_group,65 to 74,23609
E06000010,"Kingston upon Hull, City of",Local Authority,age_group,75 to 84,14160
E06000010,"Kingston upon Hull, City of",Local Authority,age_group,85 and above,4930
E06000010,"Kingston upon Hull, City of",Local Authority,age_group,All,213022
E06000010,"Kingston upon Hull, City of",Local Authority,ethnicity,All,207849
E06000010,"Kingston upon Hull, City of",Local Authority,ethnicity,Asian or Asian British,5489
E06000010,"Kingston upon Hull, City of",Local Authority,ethnicity,"Black, Black British, Caribbean or African",3367
E06000010,"Kingston upon Hull, City of",Local Authority,ethnicity,Mixed or multiple ethnic groups,2488
E06000010,"Kingston upon Hull, City of",Local Authority,ethnicity,Other ethnic group,3352
E06000010,"Kingston upon Hull, City of",Local Authority,ethnicity,White,193153
E06000010,"Kingston upon Hull, City of",Local Authority,gender,All,213022
E06000010,"Kingston upon Hull, City of",Local Authority,gender,Female,106422
E06000010,"Kingston upon Hull, City of",Local Authority,gender,Male,106600
E06000011,East Riding of Yorkshire,Local Authority,age_group,18 to 24,20058
E06000011,East Riding of Yorkshire,Local Authority,age_group,18 to 64,196457
E06000011,East Riding of Yorkshire,Local Authority,age_group,25 to 44,77144
E06000011,East Riding of Yorkshire,Local Authority,age_group,45 to 64,99255
E06000011,East Riding of Yorkshire,Local Authority,age_group,65 and above,96404
E06000011,East Riding of Yorkshire,Local Authority,age_group,65 to 74,47595
E06000011,East Riding of Yorkshire,Local Authority,age_group,75 to 84,35975
E06000011,East Riding of Yorkshire,Local Authority,age_group,85 and above,12834
E06000011,East Riding of Yorkshire,Local Authority,age_group,All,292861
E06000011,East Riding of Yorkshire,Local Authority,ethnicity,All,280691
E06000011,East Riding of Yorkshire,Local Authority,ethnicity,Asian or Asian British,2856
E06000011,East Riding of Yorkshire,Local Authority,ethnicity,"Black, Black British, Caribbean or African",740
E06000011,East Riding of Yorkshire,Local Authority,ethnicity,Mixed or multiple ethnic groups,1633
E06000011,East Riding of Yorkshire,Local Authority,ethnicity,Other ethnic group,974
E06000011,East Riding of Yorkshire,Local Authority,ethnicity,White,274488
E06000011,East Riding of Yorkshire,Local Authority,gender,All,292861
E06000011,East Riding of Yorkshire,Local Authority,gender,Female,151171
E06000011,East Riding of Yorkshire,Local Authority,gender,Male,141690
E06000012,North East Lincolnshire,Local Authority,age_group,18 to 24,10621
E06000012,North East Lincolnshire,Local Authority,age_group,18 to 64,91799
E06000012,North East Lincolnshire,Local Authority,age_group,25 to 44,39521
E06000012,North East Lincolnshire,Local Authority,age_group,45 to 64,41657
E06000012,North East Lincolnshire,Local Authority,age_group,65 and above,34590
E06000012,North East Lincolnshire,Local Authority,age_group,65 to 74,17579
E06000012,North East Lincolnshire,Local Authority,age_group,75 to 84,12289
E06000012,North East Lincolnshire,Local Authority,age_group,85 and above,4722
E06000012,North East Lincolnshire,Local Authority,age_group,All,126389
E06000012,North East Lincolnshire,Local Authority,ethnicity,All,123928
E06000012,North East Lincolnshire,Local Authority,ethnicity,Asian or Asian British,1780
E06000012,North East Lincolnshire,Local Authority,ethnicity,"Black, Black British, Caribbean or African",624
E06000012,North East Lincolnshire,Local Authority,ethnicity,Mixed or multiple ethnic groups,754
E06000012,North East Lincolnshire,Local Authority,ethnicity,Other ethnic group,721
E06000012,North East Lincolnshire,Local Authority,ethnicity,White,120049
E06000012,North East Lincolnshire,Local Authority,gender,All,126389
E06000012,North East Lincolnshire,Local Authority,gender,Female,64915
E06000012,North East Lincolnshire,Local Authority,gender,Male,61474
E06000013,North Lincolnshire,Local Authority,age_group,18 to 24,10910
E06000013,North Lincolnshire,Local Authority,age_group,18 to 64,97395
E06000013,North Lincolnshire,Local Authority,age_group,25 to 44,40364
E06000013,North Lincolnshire,Local Authority,age_group,45 to 64,46121
E06000013,North Lincolnshire,Local Authority,age_group,65 and above,39266
E06000013,North Lincolnshire,Local Authority,age_group,65 to 74,19997
E06000013,North Lincolnshire,Local Authority,age_group,75 to 84,14273
E06000013,North Lincolnshire,Local Authority,age_group,85 and above,4996
E06000013,North Lincolnshire,Local Authority,age_group,All,136661
E06000013,North Lincolnshire,Local Authority,ethnicity,All,135603
E06000013,North Lincolnshire,Local Authority,ethnicity,Asian or Asian British,4045
E06000013,North Lincolnshire,Local Authority,ethnicity,"Black, Black British, Caribbean or African",633
E06000013,North Lincolnshire,Local Authority,ethnicity,Mixed or multiple ethnic groups,908
E06000013,North Lincolnshire,Local Authority,ethnicity,Other ethnic group,971
E06000013,North Lincolnshire,Local Authority,ethnicity,White,129046
E06000013,North Lincolnshire,Local Authority,gender,All,136661
E06000013,North Lincolnshire,Local Authority,gender,Female,69883
E06000013,North Lincolnshire,Local Authority,gender,Male,66778
E06000014,York,Local Authority,age_group,18 to 24,33101
E06000014,York,Local Authority,age_group,18 to 64,134325
E06000014,York,Local Authority,age_group,25 to 44,52797
E06000014,York,Local Authority,age_group,45 to 64,48427
E06000014,York,Local Authority,age_group,65 and above,40218
E06000014,York,Local Authority,age_group,65 to 74,19280
E06000014,York,Local Authority,age_group,75 to 84,14892
E06000014,York,Local Authority,age_group,85 and above,6046
E06000014,York,Local Authority,age_group,All,174543
E06000014,York,Local Authority,ethnicity,All,168085
E06000014,York,Local Authority,ethnicity,Asian or Asian British,6526
E06000014,York,Local Authority,ethnicity,"Black, Black British, Caribbean or African",1096
E06000014,York,Local Authority,ethnicity,Mixed or multiple ethnic groups,2292
E06000014,York,Local Authority,ethnicity,Other ethnic group,1536
E06000014,York,Local Authority,ethnicity,White,156635
E06000014,York,Local Authority,gender,All,174543
E06000014,York,Local Authority,gender,Female,92672
E06000014,York,Local Authority,gender,Male,81871
E06000015,Derby,Local Authority,age_group,18 to 24,25393
E06000015,Derby,Local Authority,age_group,18 to 64,167519
E06000015,Derby,Local Authority,age_group,25 to 44,78693
E06000015,Derby,Local Authority,age_group,45 to 64,63433
E06000015,Derby,Local Authority,age_group,65 and above,44517
E06000015,Derby,Local Authority,age_group,65 to 74,22093
E06000015,Derby,Local Authority,age_group,75 to 84,15853
E06000015,Derby,Local Authority,age_group,85 and above,6571
E06000015,Derby,Local Authority,age_group,All,212036
E06000015,Derby,Local Authority,ethnicity,All,202736
E06000015,Derby,Local Authority,ethnicity,Asian or Asian British,29007
E06000015,Derby,Local Authority,ethnicity,"Black, Black British, Caribbean or African",7832
E06000015,Derby,Local Authority,ethnicity,Mixed or multiple ethnic groups,4435
E06000015,Derby,Local Authority,ethnicity,Other ethnic group,5202
E06000015,Derby,Local Authority,ethnicity,White,156260
E06000015,Derby,Local Authority,gender,All,212036
E06000015,Derby,Local Authority,gender,Female,107065
E06000015,Derby,Local Authority,gender,Male,104971
E06000016,Leicester,Local Authority,age_group,18 to 24,54443
E06000016,Leicester,Local Authority,age_group,18 to 64,250962
E06000016,Leicester,Local Authority,age_group,25 to 44,114849
E06000016,Leicester,Local Authority,age_group,45 to 64,81670
E06000016,Leicester,Local Authority,age_group,65 and above,46623
E06000016,Leicester,Local Authority,age_group,65 to 74,26613
E06000016,Leicester,Local Authority,age_group,75 to 84,14256
E06000016,Leicester,Local Authority,age_group,85 and above,5754
E06000016,Leicester,Local Authority,age_group,All,297585
E06000016,Leicester,Local Authority,ethnicity,All,281443
E06000016,Leicester,Local Authority,ethnicity,Asian or Asian British,120974
E06000016,Leicester,Local Authority,ethnicity,"Black, Black British, Caribbean or African",20257
E06000016,Leicester,Local Authority,ethnicity,Mixed or multiple ethnic groups,7157
E06000016,Leicester,Local Authority,ethnicity,Other ethnic group,10453
E06000016,Leicester,Local Authority,ethnicity,White,122602
E06000016,Leicester,Local Authority,gender,All,297585
E06000016,Leicester,Local Authority,gender,Female,149874
E06000016,Leicester,Local Authority,gender,Male,147711
E06000017,Rutland,Local Authority,age_group,18 to 24,2736
E06000017,Rutland,Local Authority,age_group,18 to 64,22482
E06000017,Rutland,Local Authority,age_group,25 to 44,8700
E06000017,Rutland,Local Authority,age_group,45 to 64,11046
E06000017,Rutland,Local Authority,age_group,65 and above,10949
E06000017,Rutland,Local Authority,age_group,65 to 74,5097
E06000017,Rutland,Local Authority,age_group,75 to 84,4230
E06000017,Rutland,Local Authority,age_group,85 and above,1622
E06000017,Rutland,Local Authority,age_group,All,33431
E06000017,Rutland,Local Authority,ethnicity,All,32963
E06000017,Rutland,Local Authority,ethnicity,Asian or Asian British,453
E06000017,Rutland,Local Authority,ethnicity,"Black, Black British, Caribbean or African",441
E06000017,Rutland,Local Authority,ethnicity,Mixed or multiple ethnic groups,422
E06000017,Rutland,Local Authority,ethnicity,Other ethnic group,149
E06000017,Rutland,Local Authority,ethnicity,White,31498
E06000017,Rutland,Local Authority,gender,All,33431
E06000017,Rutland,Local Authority,gender,Female,16383
E06000017,Rutland,Local Authority,gender,Male,17048
E06000018,Nottingham,Local Authority,age_group,18 to 24,68214
E06000018,Nottingham,Local Authority,age_group,18 to 64,223201
E06000018,Nottingham,Local Authority,age_group,25 to 44,89798
E06000018,Nottingham,Local Authority,age_group,45 to 64,65189
E06000018,Nottingham,Local Authority,age_group,65 and above,39162
E06000018,Nottingham,Local Authority,age_group,65 to 74,21096
E06000018,Nottingham,Local Authority,age_group,75 to 84,12891
E06000018,Nottingham,Local Authority,age_group,85 and above,5175
E06000018,Nottingham,Local Authority,age_group,All,262363
E06000018,Nottingham,Local Authority,ethnicity,All,257658
E06000018,Nottingham,Local Authority,ethnicity,Asian or Asian British,35921
E06000018,Nottingham,Local Authority,ethnicity,"Black, Black British, Caribbean or African",23522
E06000018,Nottingham,Local Authority,ethnicity,Mixed or multiple ethnic groups,10419
E06000018,Nottingham,Local Authority,ethnicity,Other ethnic group,7658
E06000018,Nottingham,Local Authority,ethnicity,White,180138
E06000018,Nottingham,Local Authority,gender,All,262363
E06000018,Nottingham,Local Authority,gender,Female,135994
E06000018,Nottingham,Local Authority,gender,Male,126369
E06000019,"Herefordshire, County of",Local Authority,age_group,18 to 24,11017
E06000019,"Herefordshire, County of",Local Authority,age_group,18 to 64,105092
E06000019,"Herefordshire, County of",Local Authority,age_group,25 to 44,42063
E06000019,"Herefordshire, County of",Local Authority,age_group,45 to 64,52012
E06000019,"Herefordshire, County of",Local Authority,age_group,65 and above,51516
E06000019,"Herefordshire, County of",Local Authority,age_group,65 to 74,25429
E06000019,"Herefordshire, County of",Local Authority,age_group,75 to 84,19071
E06000019,"Herefordshire, County of",Local Authority,age_group,85 and above,7016
E06000019,"Herefordshire, County of",Local Authority,age_group,All,156608
E06000019,"Herefordshire, County of",Local Authority,ethnicity,All,153189
E06000019,"Herefordshire, County of",Local Authority,ethnicity,Asian or Asian British,1721
E06000019,"Herefordshire, County of",Local Authority,ethnicity,"Black, Black British, Caribbean or African",441
E06000019,"Herefordshire, County of",Local Authority,ethnicity,Mixed or multiple ethnic groups,1019
E06000019,"Herefordshire, County of",Local Authority,ethnicity,Other ethnic group,757
E06000019,"Herefordshire, County of",Local Authority,ethnicity,White,149251
E06000019,"Herefordshire, County of",Local Authority,gender,All,156608
E06000019,"Herefordshire, County of",Local Authority,gender,Female,80617
E06000019,"Herefordshire, County of",Local Authority,gender,Male,75991
E06000020,Telford and Wrekin,Local Authority,age_group,18 to 24,15225
E06000020,Telford and Wrekin,Local Authority,age_group,18 to 64,116710
E06000020,Telford and Wrekin,Local Authority,age_group,25 to 44,51839
E06000020,Telford and Wrekin,Local Authority,age_group,45 to 64,49646
E06000020,Telford and Wrekin,Local Authority,age_group,65 and above,34994
E06000020,Telford and Wrekin,Local Authority,age_group,65 to 74,18300
E06000020,Telford and Wrekin,Local Authority,age_group,75 to 84,12651
E06000020,Telford and Wrekin,Local Authority,age_group,85 and above,4043
E06000020,Telford and Wrekin,Local Authority,age_group,All,151704
E06000020,Telford and Wrekin,Local Authority,ethnicity,All,144149
E06000020,Telford and Wrekin,Local Authority,ethnicity,Asian or Asian British,7207
E06000020,Telford and Wrekin,Local Authority,ethnicity,"Black, Black British, Caribbean or African",3439
E06000020,Telford and Wrekin,Local Authority,ethnicity,Mixed or multiple ethnic groups,2175
E06000020,Telford and Wrekin,Local Authority,ethnicity,Other ethnic group,1195
E06000020,Telford and Wrekin,Local Authority,ethnicity,White,130133
E06000020,Telford and Wrekin,Local Authority,gender,All,151704
E06000020,Telford and Wrekin,Local Authority,gender,Female,78385
E06000020,Telford and Wrekin,Local Authority,gender,Male,73319
E06000021,Stoke-on-Trent,Local Authority,age_group,18 to 24,23690
E06000021,Stoke-on-Trent,Local Authority,age_group,18 to 64,161875
E06000021,Stoke-on-Trent,Local Authority,age_group,25 to 44,75633
E06000021,Stoke-on-Trent,Local Authority,age_group,45 to 64,62552
E06000021,Stoke-on-Trent,Local Authority,age_group,65 and above,46030
E06000021,Stoke-on-Trent,Local Authority,age_group,65 to 74,23876
E06000021,Stoke-on-Trent,Local Authority,age_group,75 to 84,16434
E06000021,Stoke-on-Trent,Local Authority,age_group,85 and above,5720
E06000021,Stoke-on-Trent,Local Authority,age_group,All,207905
E06000021,Stoke-on-Trent,Local Authority,ethnicity,All,199886
E06000021,Stoke-on-Trent,Local Authority,ethnicity,Asian or Asian British,16574
E06000021,Stoke-on-Trent,Local Authority,ethnicity,"Black, Black British, Caribbean or African",4592
E06000021,Stoke-on-Trent,Local Authority,ethnicity,Mixed or multiple ethnic groups,2654
E06000021,Stoke-on-Trent,Local Authority,ethnicity,Other ethnic group,2833
E06000021,Stoke-on-Trent,Local Authority,ethnicity,White,173233
E06000021,Stoke-on-Trent,Local Authority,gender,All,207905
E06000021,Stoke-on-Trent,Local Authority,gender,Female,103939
E06000021,Stoke-on-Trent,Local Authority,gender,Male,103966
E06000022,Bath and North East Somerset,Local Authority,age_group,18 to 24,30812
E06000022,Bath and North East Somerset,Local Authority,age_group,18 to 64,124343
E06000022,Bath and North East Somerset,Local Authority,age_group,25 to 44,45858
E06000022,Bath and North East Somerset,Local Authority,age_group,45 to 64,47673
E06000022,Bath and North East Somerset,Local Authority,age_group,65 and above,39084
E06000022,Bath and North East Somerset,Local Authority,age_group,65 to 74,18653
E06000022,Bath and North East Somerset,Local Authority,age_group,75 to 84,14583
E06000022,Bath and North East Somerset,Local Authority,age_group,85 and above,5848
E06000022,Bath and North East Somerset,Local Authority,age_group,All,163427
E06000022,Bath and North East Somerset,Local Authority,ethnicity,All,157620
E06000022,Bath and North East Somerset,Local Authority,ethnicity,Asian or Asian British,5501
E06000022,Bath and North East Somerset,Local Authority,ethnicity,"Black, Black British, Caribbean or African",1519
E06000022,Bath and North East Somerset,Local Authority,ethnicity,Mixed or multiple ethnic groups,3065
E06000022,Bath and North East Somerset,Local Authority,ethnicity,Other ethnic group,1302
E06000022,Bath and North East Somerset,Local Authority,ethnicity,White,146233
E06000022,Bath and North East Somerset,Local Authority,gender,All,163427
E06000022,Bath and North East Somerset,Local Authority,gender,Female,84651
E06000022,Bath and North East Somerset,Local Authority,gender,Male,78776
E06000023,"Bristol, City of",Local Authority,age_group,18 to 24,73982
E06000023,"Bristol, City of",Local Authority,age_group,18 to 64,339408
E06000023,"Bristol, City of",Local Authority,age_group,25 to 44,167309
E06000023,"Bristol, City of",Local Authority,age_group,45 to 64,98117
E06000023,"Bristol, City of",Local Authority,age_group,65 and above,62286
E06000023,"Bristol, City of",Local Authority,age_group,65 to 74,32285
E06000023,"Bristol, City of",Local Authority,age_group,75 to 84,21481
E06000023,"Bristol, City of",Local Authority,age_group,85 and above,8520
E06000023,"Bristol, City of",Local Authority,age_group,All,401694
E06000023,"Bristol, City of",Local Authority,ethnicity,All,380577
E06000023,"Bristol, City of",Local Authority,ethnicity,Asian or Asian British,24207
E06000023,"Bristol, City of",Local Authority,ethnicity,"Black, Black British, Caribbean or African",18556
E06000023,"Bristol, City of",Local Authority,ethnicity,Mixed or multiple ethnic groups,12240
E06000023,"Bristol, City of",Local Authority,ethnicity,Other ethnic group,6758
E06000023,"Bristol, City of",Local Authority,ethnicity,White,318816
E06000023,"Bristol, City of",Local Authority,gender,All,401694
E06000023,"Bristol, City of",Local Authority,gender,Female,203437
E06000023,"Bristol, City of",Local Authority,gender,Male,198257
E06000024,North Somerset,Local Authority,age_group,18 to 24,13874
E06000024,North Somerset,Local Authority,age_group,18 to 64,126268
E06000024,North Somerset,Local Authority,age_group,25 to 44,52979
E06000024,North Somerset,Local Authority,age_group,45 to 64,59415
E06000024,North Somerset,Local Authority,age_group,65 and above,53950
E06000024,North Somerset,Local Authority,age_group,65 to 74,24949
E06000024,North Somerset,Local Authority,age_group,75 to 84,21149
E06000024,North Somerset,Local Authority,age_group,85 and above,7852
E06000024,North Somerset,Local Authority,age_group,All,180218
E06000024,North Somerset,Local Authority,ethnicity,All,173886
E06000024,North Somerset,Local Authority,ethnicity,Asian or Asian British,2578
E06000024,North Somerset,Local Authority,ethnicity,"Black, Black British, Caribbean or African",908
E06000024,North Somerset,Local Authority,ethnicity,Mixed or multiple ethnic groups,1728
E06000024,North Somerset,Local Authority,ethnicity,Other ethnic group,944
E06000024,North Somerset,Local Authority,ethnicity,White,167728
E06000024,North Somerset,Local Authority,gender,All,180218
E06000024,North Somerset,Local Authority,gender,Female,93567
E06000024,North Somerset,Local Authority,gender,Male,86651
E06000025,South Gloucestershire,Local Authority,age_group,18 to 24,26855
E06000025,South Gloucestershire,Local Authority,age_group,18 to 64,186436
E06000025,South Gloucestershire,Local Authority,age_group,25 to 44,85141
E06000025,South Gloucestershire,Local Authority,age_group,45 to 64,74440
E06000025,South Gloucestershire,Local Authority,age_group,65 and above,57102
E06000025,South Gloucestershire,Local Authority,age_group,65 to 74,27194
E06000025,South Gloucestershire,Local Authority,age_group,75 to 84,21599
E06000025,South Gloucestershire,Local Authority,age_group,85 and above,8309
E06000025,South Gloucestershire,Local Authority,age_group,All,243538
E06000025,South Gloucestershire,Local Authority,ethnicity,All,231217
E06000025,South Gloucestershire,Local Authority,ethnicity,Asian or Asian British,8367
E06000025,South Gloucestershire,Local Authority,ethnicity,"Black, Black British, Caribbean or African",3386
E06000025,South Gloucestershire,Local Authority,ethnicity,Mixed or multiple ethnic groups,3588
E06000025,South Gloucestershire,Local Authority,ethnicity,Other ethnic group,1996
E06000025,South Gloucestershire,Local Authority,ethnicity,White,213880
E06000025,South Gloucestershire,Local Authority,gender,All,243538
E06000025,South Gloucestershire,Local Authority,gender,Female,124396
E06000025,South Gloucestershire,Local Authority,gender,Male,119142
E06000026,Plymouth,Local Authority,age_group,18 to 24,30424
E06000026,Plymouth,Local Authority,age_group,18 to 64,168615
E06000026,Plymouth,Local Authority,age_group,25 to 44,73406
E06000026,Plymouth,Local Authority,age_group,45 to 64,64785
E06000026,Plymouth,Local Authority,age_group,65 and above,51339
E06000026,Plymouth,Local Authority,age_group,65 to 74,25680
E06000026,Plymouth,Local Authority,age_group,75 to 84,18829
E06000026,Plymouth,Local Authority,age_group,85 and above,6830
E06000026,Plymouth,Local Authority,age_group,All,219954
E06000026,Plymouth,Local Authority,ethnicity,All,213057
E06000026,Plymouth,Local Authority,ethnicity,Asian or Asian British,4716
E06000026,Plymouth,Local Authority,ethnicity,"Black, Black British, Caribbean or African",2133
E06000026,Plymouth,Local Authority,ethnicity,Mixed or multiple ethnic groups,2659
E06000026,Plymouth,Local Authority,ethnicity,Other ethnic group,1881
E06000026,Plymouth,Local Authority,ethnicity,White,201668
E06000026,Plymouth,Local Authority,gender,All,219954
E06000026,Plymouth,Local Authority,gender,Female,113129
E06000026,Plymouth,Local Authority,gender,Male,106825
E06000027,Torbay,Local Authority,age_group,18 to 24,8155
E06000027,Torbay,Local Authority,age_group,18 to 64,77081
E06000027,Torbay,Local Authority,age_group,25 to 44,30582
E06000027,Torbay,Local Authority,age_group,45 to 64,38344
E06000027,Torbay,Local Authority,age_group,65 and above,38234
E06000027,Torbay,Local Authority,age_group,65 to 74,18019
E06000027,Torbay,Local Authority,age_group,75 to 84,14678
E06000027,Torbay,Local Authority,age_group,85 and above,5537
E06000027,Torbay,Local Authority,age_group,All,115315
E06000027,Torbay,Local Authority,ethnicity,All,114068
E06000027,Torbay,Local Authority,ethnicity,Asian or Asian British,1812
E06000027,Torbay,Local Authority,ethnicity,"Black, Black British, Caribbean or African",392
E06000027,Torbay,Local Authority,ethnicity,Mixed or multiple ethnic groups,1100
E06000027,Torbay,Local Authority,ethnicity,Other ethnic group,501
E06000027,Torbay,Local Authority,ethnicity,White,110263
E06000027,Torbay,Local Authority,gender,All,115315
E06000027,Torbay,Local Authority,gender,Female,59837
E06000027,Torbay,Local Authority,gender,Male,55478
E06000030,Swindon,Local Authority,age_group,18 to 24,16408
E06000030,Swindon,Local Authority,age_group,18 to 64,149863
E06000030,Swindon,Local Authority,age_group,25 to 44,70154
E06000030,Swindon,Local Authority,age_group,45 to 64,63301
E06000030,Swindon,Local Authority,age_group,65 and above,39768
E06000030,Swindon,Local Authority,age_group,65 to 74,20880
E06000030,Swindon,Local Authority,age_group,75 to 84,13734
E06000030,Swindon,Local Authority,age_group,85 and above,5154
E06000030,Swindon,Local Authority,age_group,All,189631
E06000030,Swindon,Local Authority,ethnicity,All,181942
E06000030,Swindon,Local Authority,ethnicity,Asian or Asian British,19960
E06000030,Swindon,Local Authority,ethnicity,"Black, Black British, Caribbean or African",4241
E06000030,Swindon,Local Authority,ethnicity,Mixed or multiple ethnic groups,3293
E06000030,Swindon,Local Authority,ethnicity,Other ethnic group,2691
E06000030,Swindon,Local Authority,ethnicity,White,151757
E06000030,Swindon,Local Authority,gender,All,189631
E06000030,Swindon,Local Authority,gender,Female,96271
E06000030,Swindon,Local Authority,gender,Male,93360
E06000031,Peterborough,Local Authority,age_group,18 to 24,16223
E06000031,Peterborough,Local Authority,age_group,18 to 64,133866
E06000031,Peterborough,Local Authority,age_group,25 to 44,66310
E06000031,Peterborough,Local Authority,age_group,45 to 64,51333
E06000031,Peterborough,Local Authority,age_group,65 and above,32168
E06000031,Peterborough,Local Authority,age_group,65 to 74,16725
E06000031,Peterborough,Local Authority,age_group,75 to 84,11130
E06000031,Peterborough,Local Authority,age_group,85 and above,4313
E06000031,Peterborough,Local Authority,age_group,All,166034
E06000031,Peterborough,Local Authority,ethnicity,All,162091
E06000031,Peterborough,Local Authority,ethnicity,Asian or Asian British,20797
E06000031,Peterborough,Local Authority,ethnicity,"Black, Black British, Caribbean or African",5956
E06000031,Peterborough,Local Authority,ethnicity,Mixed or multiple ethnic groups,3545
E06000031,Peterborough,Local Authority,ethnicity,Other ethnic group,3857
E06000031,Peterborough,Local Authority,ethnicity,White,127936
E06000031,Peterborough,Local Authority,gender,All,166034
E06000031,Peterborough,Local Authority,gender,Female,85056
E06000031,Peterborough,Local Authority,gender,Male,80978
E06000032,Luton,Local Authority,age_group,18 to 24,22704
E06000032,Luton,Local Authority,age_group,18 to 64,149617
E06000032,Luton,Local Authority,age_group,25 to 44,75846
E06000032,Luton,Local Authority,age_group,45 to 64,51067
E06000032,Luton,Local Authority,age_group,65 and above,27193
E06000032,Luton,Local Authority,age_group,65 to 74,14555
E06000032,Luton,Local Authority,age_group,75 to 84,8705
E06000032,Luton,Local Authority,age_group,85 and above,3933
E06000032,Luton,Local Authority,age_group,All,176810
E06000032,Luton,Local Authority,ethnicity,All,166314
E06000032,Luton,Local Authority,ethnicity,Asian or Asian British,55606
E06000032,Luton,Local Authority,ethnicity,"Black, Black British, Caribbean or African",16940
E06000032,Luton,Local Authority,ethnicity,Mixed or multiple ethnic groups,4286
E06000032,Luton,Local Authority,ethnicity,Other ethnic group,5426
E06000032,Luton,Local Authority,ethnicity,White,84056
E06000032,Luton,Local Authority,gender,All,176810
E06000032,Luton,Local Authority,gender,Female,86694
E06000032,Luton,Local Authority,gender,Male,90116
E06000033,Southend-on-Sea,Local Authority,age_group,18 to 24,12089
E06000033,Southend-on-Sea,Local Authority,age_group,18 to 64,109836
E06000033,Southend-on-Sea,Local Authority,age_group,25 to 44,49709
E06000033,Southend-on-Sea,Local Authority,age_group,45 to 64,48038
E06000033,Southend-on-Sea,Local Authority,age_group,65 and above,35809
E06000033,Southend-on-Sea,Local Authority,age_group,65 to 74,17307
E06000033,Southend-on-Sea,Local Authority,age_group,75 to 84,13232
E06000033,Southend-on-Sea,Local Authority,age_group,85 and above,5270
E06000033,Southend-on-Sea,Local Authority,age_group,All,145645
E06000033,Southend-on-Sea,Local Authority,ethnicity,All,142514
E06000033,Southend-on-Sea,Local Authority,ethnicity,Asian or Asian British,7099
E06000033,Southend-on-Sea,Local Authority,ethnicity,"Black, Black British, Caribbean or African",3760
E06000033,Southend-on-Sea,Local Authority,ethnicity,Mixed or multiple ethnic groups,2648
E06000033,Southend-on-Sea,Local Authority,ethnicity,Other ethnic group,1571
E06000033,Southend-on-Sea,Local Authority,ethnicity,White,127436
E06000033,Southend-on-Sea,Local Authority,gender,All,145645
E06000033,Southend-on-Sea,Local Authority,gender,Female,75516
E06000033,Southend-on-Sea,Local Authority,gender,Male,70129
E06000034,Thurrock,Local Authority,age_group,18 to 24,13631
E06000034,Thurrock,Local Authority,age_group,18 to 64,110202
E06000034,Thurrock,Local Authority,age_group,25 to 44,53266
E06000034,Thurrock,Local Authority,age_group,45 to 64,43305
E06000034,Thurrock,Local Authority,age_group,65 and above,24516
E06000034,Thurrock,Local Authority,age_group,65 to 74,12864
E06000034,Thurrock,Local Authority,age_group,75 to 84,8676
E06000034,Thurrock,Local Authority,age_group,85 and above,2976
E06000034,Thurrock,Local Authority,age_group,All,134718
E06000034,Thurrock,Local Authority,ethnicity,All,131835
E06000034,Thurrock,Local Authority,ethnicity,Asian or Asian British,8622
E06000034,Thurrock,Local Authority,ethnicity,"Black, Black British, Caribbean or African",13492
E06000034,Thurrock,Local Authority,ethnicity,Mixed or multiple ethnic groups,2269
E06000034,Thurrock,Local Authority,ethnicity,Other ethnic group,1995
E06000034,Thurrock,Local Authority,ethnicity,White,105457
E06000034,Thurrock,Local Authority,gender,All,134718
E06000034,Thurrock,Local Authority,gender,Female,70026
E06000034,Thurrock,Local Authority,gender,Male,64692
E06000035,Medway,Local Authority,age_group,18 to 24,21687
E06000035,Medway,Local Authority,age_group,18 to 64,175812
E06000035,Medway,Local Authority,age_group,25 to 44,82504
E06000035,Medway,Local Authority,age_group,45 to 64,71621
E06000035,Medway,Local Authority,age_group,65 and above,48069
E06000035,Medway,Local Authority,age_group,65 to 74,24980
E06000035,Medway,Local Authority,age_group,75 to 84,17397
E06000035,Medway,Local Authority,age_group,85 and above,5692
E06000035,Medway,Local Authority,age_group,All,223881
E06000035,Medway,Local Authority,ethnicity,All,216011
E06000035,Medway,Local Authority,ethnicity,Asian or Asian British,12508
E06000035,Medway,Local Authority,ethnicity,"Black, Black British, Caribbean or African",10543
E06000035,Medway,Local Authority,ethnicity,Mixed or multiple ethnic groups,3776
E06000035,Medway,Local Authority,ethnicity,Other ethnic group,2979
E06000035,Medway,Local Authority,ethnicity,White,186205
E06000035,Medway,Local Authority,gender,All,223881
E06000035,Medway,Local Authority,gender,Female,115888
E06000035,Medway,Local Authority,gender,Male,107993
E06000036,Bracknell Forest,Local Authority,age_group,18 to 24,8546
E06000036,Bracknell Forest,Local Authority,age_group,18 to 64,80552
E06000036,Bracknell Forest,Local Authority,age_group,25 to 44,38025
E06000036,Bracknell Forest,Local Authority,age_group,45 to 64,33981
E06000036,Bracknell Forest,Local Authority,age_group,65 and above,20882
E06000036,Bracknell Forest,Local Authority,age_group,65 to 74,11057
E06000036,Bracknell Forest,Local Authority,age_group,75 to 84,7103
E06000036,Bracknell Forest,Local Authority,age_group,85 and above,2722
E06000036,Bracknell Forest,Local Authority,age_group,All,101434
E06000036,Bracknell Forest,Local Authority,ethnicity,All,96764
E06000036,Bracknell Forest,Local Authority,ethnicity,Asian or Asian British,6709
E06000036,Bracknell Forest,Local Authority,ethnicity,"Black, Black British, Caribbean or African",2178
E06000036,Bracknell Forest,Local Authority,ethnicity,Mixed or multiple ethnic groups,1863
E06000036,Bracknell Forest,Local Authority,ethnicity,Other ethnic group,1331
E06000036,Bracknell Forest,Local Authority,ethnicity,White,84683
E06000036,Bracknell Forest,Local Authority,gender,All,101434
E06000036,Bracknell Forest,Local Authority,gender,Female,52155
E06000036,Bracknell Forest,Local Authority,gender,Male,49279
E06000037,West Berkshire,Local Authority,age_group,18 to 24,10157
E06000037,West Berkshire,Local Authority,age_group,18 to 64,96056
E06000037,West Berkshire,Local Authority,age_group,25 to 44,40068
E06000037,West Berkshire,Local Authority,age_group,45 to 64,45831
E06000037,West Berkshire,Local Authority,age_group,65 and above,33561
E06000037,West Berkshire,Local Authority,age_group,65 to 74,16911
E06000037,West Berkshire,Local Authority,age_group,75 to 84,12386
E06000037,West Berkshire,Local Authority,age_group,85 and above,4264
E06000037,West Berkshire,Local Authority,age_group,All,129617
E06000037,West Berkshire,Local Authority,ethnicity,All,126669
E06000037,West Berkshire,Local Authority,ethnicity,Asian or Asian British,4404
E06000037,West Berkshire,Local Authority,ethnicity,"Black, Black British, Caribbean or African",1532
E06000037,West Berkshire,Local Authority,ethnicity,Mixed or multiple ethnic groups,1845
E06000037,West Berkshire,Local Authority,ethnicity,Other ethnic group,890
E06000037,West Berkshire,Local Authority,ethnicity,White,117998
E06000037,West Berkshire,Local Authority,gender,All,129617
E06000037,West Berkshire,Local Authority,gender,Female,66374
E06000037,West Berkshire,Local Authority,gender,Male,63243
E06000038,Reading,Local Authority,age_group,18 to 24,21157
E06000038,Reading,Local Authority,age_group,18 to 64,121717
E06000038,Reading,Local Authority,age_group,25 to 44,60861
E06000038,Reading,Local Authority,age_group,45 to 64,39699
E06000038,Reading,Local Authority,age_group,65 and above,22227
E06000038,Reading,Local Authority,age_group,65 to 74,11334
E06000038,Reading,Local Authority,age_group,75 to 84,7821
E06000038,Reading,Local Authority,age_group,85 and above,3072
E06000038,Reading,Local Authority,age_group,All,143944
E06000038,Reading,Local Authority,ethnicity,All,137785
E06000038,Reading,Local Authority,ethnicity,Asian or Asian British,22902
E06000038,Reading,Local Authority,ethnicity,"Black, Black British, Caribbean or African",9439
E06000038,Reading,Local Authority,ethnicity,Mixed or multiple ethnic groups,4457
E06000038,Reading,Local Authority,ethnicity,Other ethnic group,3943
E06000038,Reading,Local Authority,ethnicity,White,97044
E06000038,Reading,Local Authority,gender,All,143944
E06000038,Reading,Local Authority,gender,Female,72327
E06000038,Reading,Local Authority,gender,Male,71617
E06000039,Slough,Local Authority,age_group,18 to 24,13987
E06000039,Slough,Local Authority,age_group,18 to 64,104325
E06000039,Slough,Local Authority,age_group,25 to 44,52832
E06000039,Slough,Local Authority,age_group,45 to 64,37506
E06000039,Slough,Local Authority,age_group,65 and above,16348
E06000039,Slough,Local Authority,age_group,65 to 74,9643
E06000039,Slough,Local Authority,age_group,75 to 84,4758
E06000039,Slough,Local Authority,age_group,85 and above,1947
E06000039,Slough,Local Authority,age_group,All,120673
E06000039,Slough,Local Authority,ethnicity,All,114698
E06000039,Slough,Local Authority,ethnicity,Asian or Asian British,51571
E06000039,Slough,Local Authority,ethnicity,"Black, Black British, Caribbean or African",8305
E06000039,Slough,Local Authority,ethnicity,Mixed or multiple ethnic groups,2685
E06000039,Slough,Local Authority,ethnicity,Other ethnic group,6459
E06000039,Slough,Local Authority,ethnicity,White,45678
E06000039,Slough,Local Authority,gender,All,120673
E06000039,Slough,Local Authority,gender,Female,61154
E06000039,Slough,Local Authority,gender,Male,59519
E06000040,Windsor and Maidenhead,Local Authority,age_group,18 to 24,10095
E06000040,Windsor and Maidenhead,Local Authority,age_group,18 to 64,94234
E06000040,Windsor and Maidenhead,Local Authority,age_group,25 to 44,40214
E06000040,Windsor and Maidenhead,Local Authority,age_group,45 to 64,43925
E06000040,Windsor and Maidenhead,Local Authority,age_group,65 and above,29969
E06000040,Windsor and Maidenhead,Local Authority,age_group,65 to 74,14271
E06000040,Windsor and Maidenhead,Local Authority,age_group,75 to 84,11029
E06000040,Windsor and Maidenhead,Local Authority,age_group,85 and above,4669
E06000040,Windsor and Maidenhead,Local Authority,age_group,All,124203
E06000040,Windsor and Maidenhead,Local Authority,ethnicity,All,119415
E06000040,Windsor and Maidenhead,Local Authority,ethnicity,Asian or Asian British,14574
E06000040,Windsor and Maidenhead,Local Authority,ethnicity,"Black, Black British, Caribbean or African",1720
E06000040,Windsor and Maidenhead,Local Authority,ethnicity,Mixed or multiple ethnic groups,2432
E06000040,Windsor and Maidenhead,Local Authority,ethnicity,Other ethnic group,2539
E06000040,Windsor and Maidenhead,Local Authority,ethnicity,White,98150
E06000040,Windsor and Maidenhead,Local Authority,gender,All,124203
E06000040,Windsor and Maidenhead,Local Authority,gender,Female,63820
E06000040,Windsor and Maidenhead,Local Authority,gender,Male,60383
E06000041,Wokingham,Local Authority,age_group,18 to 24,12014
E06000041,Wokingham,Local Authority,age_group,18 to 64,110269
E06000041,Wokingham,Local Authority,age_group,25 to 44,48050
E06000041,Wokingham,Local Authority,age_group,45 to 64,50205
E06000041,Wokingham,Local Authority,age_group,65 and above,32519
E06000041,Wokingham,Local Authority,age_group,65 to 74,15685
E06000041,Wokingham,Local Authority,age_group,75 to 84,12012
E06000041,Wokingham,Local Authority,age_group,85 and above,4822
E06000041,Wokingham,Local Authority,age_group,All,142788
E06000041,Wokingham,Local Authority,ethnicity,All,136409
E06000041,Wokingham,Local Authority,ethnicity,Asian or Asian British,15749
E06000041,Wokingham,Local Authority,ethnicity,"Black, Black British, Caribbean or African",2992
E06000041,Wokingham,Local Authority,ethnicity,Mixed or multiple ethnic groups,2441
E06000041,Wokingham,Local Authority,ethnicity,Other ethnic group,2058
E06000041,Wokingham,Local Authority,ethnicity,White,113169
E06000041,Wokingham,Local Authority,gender,All,142788
E06000041,Wokingham,Local Authority,gender,Female,73604
E06000041,Wokingham,Local Authority,gender,Male,69184
E06000042,Milton Keynes,Local Authority,age_group,18 to 24,20695
E06000042,Milton Keynes,Local Authority,age_group,18 to 64,187810
E06000042,Milton Keynes,Local Authority,age_group,25 to 44,92183
E06000042,Milton Keynes,Local Authority,age_group,45 to 64,74932
E06000042,Milton Keynes,Local Authority,age_group,65 and above,43505
E06000042,Milton Keynes,Local Authority,age_group,65 to 74,24005
E06000042,Milton Keynes,Local Authority,age_group,75 to 84,14600
E06000042,Milton Keynes,Local Authority,age_group,85 and above,4900
E06000042,Milton Keynes,Local Authority,age_group,All,231315
E06000042,Milton Keynes,Local Authority,ethnicity,All,217517
E06000042,Milton Keynes,Local Authority,ethnicity,Asian or Asian British,25041
E06000042,Milton Keynes,Local Authority,ethnicity,"Black, Black British, Caribbean or African",18320
E06000042,Milton Keynes,Local Authority,ethnicity,Mixed or multiple ethnic groups,5565
E06000042,Milton Keynes,Local Authority,ethnicity,Other ethnic group,4144
E06000042,Milton Keynes,Local Authority,ethnicity,White,164447
E06000042,Milton Keynes,Local Authority,gender,All,231315
E06000042,Milton Keynes,Local Authority,gender,Female,118641
E06000042,Milton Keynes,Local Authority,gender,Male,112674
E06000043,Brighton and Hove,Local Authority,age_group,18 to 24,40371
E06000043,Brighton and Hove,Local Authority,age_group,18 to 64,196735
E06000043,Brighton and Hove,Local Authority,age_group,25 to 44,82315
E06000043,Brighton and Hove,Local Authority,age_group,45 to 64,74049
E06000043,Brighton and Hove,Local Authority,age_group,65 and above,40523
E06000043,Brighton and Hove,Local Authority,age_group,65 to 74,21024
E06000043,Brighton and Hove,Local Authority,age_group,75 to 84,13986
E06000043,Brighton and Hove,Local Authority,age_group,85 and above,5513
E06000043,Brighton and Hove,Local Authority,age_group,All,237258
E06000043,Brighton and Hove,Local Authority,ethnicity,All,229728
E06000043,Brighton and Hove,Local Authority,ethnicity,Asian or Asian British,11103
E06000043,Brighton and Hove,Local Authority,ethnicity,"Black, Black British, Caribbean or African",4496
E06000043,Brighton and Hove,Local Authority,ethnicity,Mixed or multiple ethnic groups,8341
E06000043,Brighton and Hove,Local Authority,ethnicity,Other ethnic group,6987
E06000043,Brighton and Hove,Local Authority,ethnicity,White,198801
E06000043,Brighton and Hove,Local Authority,gender,All,237258
E06000043,Brighton and Hove,Local Authority,gender,Female,122439
E06000043,Brighton and Hove,Local Authority,gender,Male,114819
E06000044,Portsmouth,Local Authority,age_group,18 to 24,26735
E06000044,Portsmouth,Local Authority,age_group,18 to 64,139305
E06000044,Portsmouth,Local Authority,age_group,25 to 44,64027
E06000044,Portsmouth,Local Authority,age_group,45 to 64,48543
E06000044,Portsmouth,Local Authority,age_group,65 and above,31960
E06000044,Portsmouth,Local Authority,age_group,65 to 74,16462
E06000044,Portsmouth,Local Authority,age_group,75 to 84,11202
E06000044,Portsmouth,Local Authority,age_group,85 and above,4296
E06000044,Portsmouth,Local Authority,age_group,All,171265
E06000044,Portsmouth,Local Authority,ethnicity,All,166596
E06000044,Portsmouth,Local Authority,ethnicity,Asian or Asian British,10971
E06000044,Portsmouth,Local Authority,ethnicity,"Black, Black British, Caribbean or African",5350
E06000044,Portsmouth,Local Authority,ethnicity,Mixed or multiple ethnic groups,3142
E06000044,Portsmouth,Local Authority,ethnicity,Other ethnic group,2879
E06000044,Portsmouth,Local Authority,ethnicity,White,144254
E06000044,Portsmouth,Local Authority,gender,All,171265
E06000044,Portsmouth,Local Authority,gender,Female,86009
E06000044,Portsmouth,Local Authority,gender,Male,85256
E06000045,Southampton,Local Authority,age_group,18 to 24,39642
E06000045,Southampton,Local Authority,age_group,18 to 64,172928
E06000045,Southampton,Local Authority,age_group,25 to 44,78695
E06000045,Southampton,Local Authority,age_group,45 to 64,54591
E06000045,Southampton,Local Authority,age_group,65 and above,35555
E06000045,Southampton,Local Authority,age_group,65 to 74,18749
E06000045,Southampton,Local Authority,age_group,75 to 84,12282
E06000045,Southampton,Local Authority,age_group,85 and above,4524
E06000045,Southampton,Local Authority,age_group,All,208483
E06000045,Southampton,Local Authority,ethnicity,All,199512
E06000045,Southampton,Local Authority,ethnicity,Asian or Asian British,19937
E06000045,Southampton,Local Authority,ethnicity,"Black, Black British, Caribbean or African",5624
E06000045,Southampton,Local Authority,ethnicity,Mixed or multiple ethnic groups,4761
E06000045,Southampton,Local Authority,ethnicity,Other ethnic group,4381
E06000045,Southampton,Local Authority,ethnicity,White,164809
E06000045,Southampton,Local Authority,gender,All,208483
E06000045,Southampton,Local Authority,gender,Female,105794
E06000045,Southampton,Local Authority,gender,Male,102689
E06000046,Isle of Wight,Local Authority,age_group,18 to 24,7825
E06000046,Isle of Wight,Local Authority,age_group,18 to 64,75566
E06000046,Isle of Wight,Local Authority,age_group,25 to 44,28777
E06000046,Isle of Wight,Local Authority,age_group,45 to 64,38964
E06000046,Isle of Wight,Local Authority,age_group,65 and above,42743
E06000046,Isle of Wight,Local Authority,age_group,65 to 74,20625
E06000046,Isle of Wight,Local Authority,age_group,75 to 84,16474
E06000046,Isle of Wight,Local Authority,age_group,85 and above,5644
E06000046,Isle of Wight,Local Authority,age_group,All,118309
E06000046,Isle of Wight,Local Authority,ethnicity,All,116822
E06000046,Isle of Wight,Local Authority,ethnicity,Asian or Asian British,1379
E06000046,Isle of Wight,Local Authority,ethnicity,"Black, Black British, Caribbean or African",390
E06000046,Isle of Wight,Local Authority,ethnicity,Mixed or multiple ethnic groups,973
E06000046,Isle of Wight,Local Authority,ethnicity,Other ethnic group,316
E06000046,Isle of Wight,Local Authority,ethnicity,White,113764
E06000046,Isle of Wight,Local Authority,gender,All,118309
E06000046,Isle of Wight,Local Authority,gender,Female,61753
E06000046,Isle of Wight,Local Authority,gender,Male,56556
E06000047,County Durham,Local Authority,age_group,18 to 24,52411
E06000047,County Durham,Local Authority,age_group,18 to 64,319841
E06000047,County Durham,Local Authority,age_group,25 to 44,125558
E06000047,County Durham,Local Authority,age_group,45 to 64,141872
E06000047,County Durham,Local Authority,age_group,65 and above,117738
E06000047,County Durham,Local Authority,age_group,65 to 74,61802
E06000047,County Durham,Local Authority,age_group,75 to 84,41890
E06000047,County Durham,Local Authority,age_group,85 and above,14046
E06000047,County Durham,Local Authority,age_group,All,437579
E06000047,County Durham,Local Authority,ethnicity,All,423009
E06000047,County Durham,Local Authority,ethnicity,Asian or Asian British,6618
E06000047,County Durham,Local Authority,ethnicity,"Black, Black British, Caribbean or African",1341
E06000047,County Durham,Local Authority,ethnicity,Mixed or multiple ethnic groups,2797
E06000047,County Durham,Local Authority,ethnicity,Other ethnic group,1584
E06000047,County Durham,Local Authority,ethnicity,White,410669
E06000047,County Durham,Local Authority,gender,All,437579
E06000047,County Durham,Local Authority,gender,Female,226814
E06000047,County Durham,Local Authority,gender,Male,210765
E06000049,Cheshire East,Local Authority,age_group,18 to 24,24165
E06000049,Cheshire East,Local Authority,age_group,18 to 64,243344
E06000049,Cheshire East,Local Authority,age_group,25 to 44,104602
E06000049,Cheshire East,Local Authority,age_group,45 to 64,114577
E06000049,Cheshire East,Local Authority,age_group,65 and above,94913
E06000049,Cheshire East,Local Authority,age_group,65 to 74,45543
E06000049,Cheshire East,Local Authority,age_group,75 to 84,35926
E06000049,Cheshire East,Local Authority,age_group,85 and above,13444
E06000049,Cheshire East,Local Authority,age_group,All,338257
E06000049,Cheshire East,Local Authority,ethnicity,All,320530
E06000049,Cheshire East,Local Authority,ethnicity,Asian or Asian British,7423
E06000049,Cheshire East,Local Authority,ethnicity,"Black, Black British, Caribbean or African",1949
E06000049,Cheshire East,Local Authority,ethnicity,Mixed or multiple ethnic groups,3371
E06000049,Cheshire East,Local Authority,ethnicity,Other ethnic group,2510
E06000049,Cheshire East,Local Authority,ethnicity,White,305277
E06000049,Cheshire East,Local Authority,gender,All,338257
E06000049,Cheshire East,Local Authority,gender,Female,174801
E06000049,Cheshire East,Local Authority,gender,Male,163456
E06000050,Cheshire West and Chester,Local Authority,age_group,18 to 24,27050
E06000050,Cheshire West and Chester,Local Authority,age_group,18 to 64,219804
E06000050,Cheshire West and Chester,Local Authority,age_group,25 to 44,94540
E06000050,Cheshire West and Chester,Local Authority,age_group,45 to 64,98214
E06000050,Cheshire West and Chester,Local Authority,age_group,65 and above,80283
E06000050,Cheshire West and Chester,Local Authority,age_group,65 to 74,39819
E06000050,Cheshire West and Chester,Local Authority,age_group,75 to 84,29728
E06000050,Cheshire West and Chester,Local Authority,age_group,85 and above,10736
E06000050,Cheshire West and Chester,Local Authority,age_group,All,300087
E06000050,Cheshire West and Chester,Local Authority,ethnicity,All,287622
E06000050,Cheshire West and Chester,Local Authority,ethnicity,Asian or Asian British,5497
E06000050,Cheshire West and Chester,Local Authority,ethnicity,"Black, Black British, Caribbean or African",1647
E06000050,Cheshire West and Chester,Local Authority,ethnicity,Mixed or multiple ethnic groups,2725
E06000050,Cheshire West and Chester,Local Authority,ethnicity,Other ethnic group,1671
E06000050,Cheshire West and Chester,Local Authority,ethnicity,White,276082
E06000050,Cheshire West and Chester,Local Authority,gender,All,300087
E06000050,Cheshire West and Chester,Local Authority,gender,Female,154970
E06000050,Cheshire West and Chester,Local Authority,gender,Male,145117
E06000051,Shropshire,Local Authority,age_group,18 to 24,20402
E06000051,Shropshire,Local Authority,age_group,18 to 64,184506
E06000051,Shropshire,Local Authority,age_group,25 to 44,72492
E06000051,Shropshire,Local Authority,age_group,45 to 64,91612
E06000051,Shropshire,Local Authority,age_group,65 and above,87796
E06000051,Shropshire,Local Authority,age_group,65 to 74,42433
E06000051,Shropshire,Local Authority,age_group,75 to 84,33233
E06000051,Shropshire,Local Authority,age_group,85 and above,12130
E06000051,Shropshire,Local Authority,age_group,All,272302
E06000051,Shropshire,Local Authority,ethnicity,All,264943
E06000051,Shropshire,Local Authority,ethnicity,Asian or Asian British,3320
E06000051,Shropshire,Local Authority,ethnicity,"Black, Black British, Caribbean or African",855
E06000051,Shropshire,Local Authority,ethnicity,Mixed or multiple ethnic groups,2030
E06000051,Shropshire,Local Authority,ethnicity,Other ethnic group,1139
E06000051,Shropshire,Local Authority,ethnicity,White,257599
E06000051,Shropshire,Local Authority,gender,All,272302
E06000051,Shropshire,Local Authority,gender,Female,139479
E06000051,Shropshire,Local Authority,gender,Male,132823
E06000052,Cornwall,Local Authority,age_group,18 to 24,40417
E06000052,Cornwall,Local Authority,age_group,18 to 64,325897
E06000052,Cornwall,Local Authority,age_group,25 to 44,126717
E06000052,Cornwall,Local Authority,age_group,45 to 64,158763
E06000052,Cornwall,Local Authority,age_group,65 and above,151606
E06000052,Cornwall,Local Authority,age_group,65 to 74,75165
E06000052,Cornwall,Local Authority,age_group,75 to 84,57323
E06000052,Cornwall,Local Authority,age_group,85 and above,19118
E06000052,Cornwall,Local Authority,age_group,All,477503
E06000052,Cornwall,Local Authority,ethnicity,All,465535
E06000052,Cornwall,Local Authority,ethnicity,Asian or Asian British,3352
E06000052,Cornwall,Local Authority,ethnicity,"Black, Black British, Caribbean or African",944
E06000052,Cornwall,Local Authority,ethnicity,Mixed or multiple ethnic groups,3876
E06000052,Cornwall,Local Authority,ethnicity,Other ethnic group,4535
E06000052,Cornwall,Local Authority,ethnicity,White,452828
E06000052,Cornwall,Local Authority,gender,All,477503
E06000052,Cornwall,Local Authority,gender,Female,248824
E06000052,Cornwall,Local Authority,gender,Male,228679
E06000053,Isles of Scilly,Local Authority,age_group,18 to 24,248
E06000053,Isles of Scilly,Local Authority,age_group,18 to 64,1451
E06000053,Isles of Scilly,Local Authority,age_group,25 to 44,581
E06000053,Isles of Scilly,Local Authority,age_group,45 to 64,622
E06000053,Isles of Scilly,Local Authority,age_group,65 and above,596
E06000053,Isles of Scilly,Local Authority,age_group,65 to 74,242
E06000053,Isles of Scilly,Local Authority,age_group,75 to 84,255
E06000053,Isles of Scilly,Local Authority,age_group,85 and above,99
E06000053,Isles of Scilly,Local Authority,age_group,All,2047
E06000053,Isles of Scilly,Local Authority,ethnicity,All,1722
E06000053,Isles of Scilly,Local Authority,ethnicity,Asian or Asian British,6
E06000053,Isles of Scilly,Local Authority,ethnicity,"Black, Black British, Caribbean or African",4
E06000053,Isles of Scilly,Local Authority,ethnicity,Mixed or multiple ethnic groups,12
E06000053,Isles of Scilly,Local Authority,ethnicity,Other ethnic group,14
E06000053,Isles of Scilly,Local Authority,ethnicity,White,1686
E06000053,Isles of Scilly,Local Authority,gender,All,2047
E06000053,Isles of Scilly,Local Authority,gender,Female,1026
E06000053,Isles of Scilly,Local Authority,gender,Male,1021
E06000054,Wiltshire,Local Authority,age_group,18 to 24,33522
E06000054,Wiltshire,Local Authority,age_group,18 to 64,299348
E06000054,Wiltshire,Local Authority,age_group,25 to 44,125314
E06000054,Wiltshire,Local Authority,age_group,45 to 64,140512
E06000054,Wiltshire,Local Authority,age_group,65 and above,120151
E06000054,Wiltshire,Local Authority,age_group,65 to 74,58485
E06000054,Wiltshire,Local Authority,age_group,75 to 84,44873
E06000054,Wiltshire,Local Authority,age_group,85 and above,16793
E06000054,Wiltshire,Local Authority,age_group,All,419499
E06000054,Wiltshire,Local Authority,ethnicity,All,407039
E06000054,Wiltshire,Local Authority,ethnicity,Asian or Asian British,8142
E06000054,Wiltshire,Local Authority,ethnicity,"Black, Black British, Caribbean or African",4029
E06000054,Wiltshire,Local Authority,ethnicity,Mixed or multiple ethnic groups,4403
E06000054,Wiltshire,Local Authority,ethnicity,Other ethnic group,2703
E06000054,Wiltshire,Local Authority,ethnicity,White,387762
E06000054,Wiltshire,Local Authority,gender,All,419499
E06000054,Wiltshire,Local Authority,gender,Female,214671
E06000054,Wiltshire,Local Authority,gender,Male,204828
E06000055,Bedford,Local Authority,age_group,18 to 24,13547
E06000055,Bedford,Local Authority,age_group,18 to 64,117104
E06000055,Bedford,Local Authority,age_group,25 to 44,54590
E06000055,Bedford,Local Authority,age_group,45 to 64,48967
E06000055,Bedford,Local Authority,age_group,65 and above,33389
E06000055,Bedford,Local Authority,age_group,65 to 74,16800
E06000055,Bedford,Local Authority,age_group,75 to 84,11853
E06000055,Bedford,Local Authority,age_group,85 and above,4736
E06000055,Bedford,Local Authority,age_group,All,150493
E06000055,Bedford,Local Authority,ethnicity,All,143669
E06000055,Bedford,Local Authority,ethnicity,Asian or Asian British,16732
E06000055,Bedford,Local Authority,ethnicity,"Black, Black British, Caribbean or African",7169
E06000055,Bedford,Local Authority,ethnicity,Mixed or multiple ethnic groups,3789
E06000055,Bedford,Local Authority,ethnicity,Other ethnic group,2495
E06000055,Bedford,Local Authority,ethnicity,White,113484
E06000055,Bedford,Local Authority,gender,All,150493
E06000055,Bedford,Local Authority,gender,Female,77625
E06000055,Bedford,Local Authority,gender,Male,72868
E06000056,Central Bedfordshire,Local Authority,age_group,18 to 24,19443
E06000056,Central Bedfordshire,Local Authority,age_group,18 to 64,188347
E06000056,Central Bedfordshire,Local Authority,age_group,25 to 44,88439
E06000056,Central Bedfordshire,Local Authority,age_group,45 to 64,80465
E06000056,Central Bedfordshire,Local Authority,age_group,65 and above,57456
E06000056,Central Bedfordshire,Local Authority,age_group,65 to 74,29309
E06000056,Central Bedfordshire,Local Authority,age_group,75 to 84,20919
E06000056,Central Bedfordshire,Local Authority,age_group,85 and above,7228
E06000056,Central Bedfordshire,Local Authority,age_group,All,245803
E06000056,Central Bedfordshire,Local Authority,ethnicity,All,230349
E06000056,Central Bedfordshire,Local Authority,ethnicity,Asian or Asian British,8072
E06000056,Central Bedfordshire,Local Authority,ethnicity,"Black, Black British, Caribbean or African",5067
E06000056,Central Bedfordshire,Local Authority,ethnicity,Mixed or multiple ethnic groups,3944
E06000056,Central Bedfordshire,Local Authority,ethnicity,Other ethnic group,1912
E06000056,Central Bedfordshire,Local Authority,ethnicity,White,211354
E06000056,Central Bedfordshire,Local Authority,gender,All,245803
E06000056,Central Bedfordshire,Local Authority,gender,Female,126767
E06000056,Central Bedfordshire,Local Authority,gender,Male,119036
E06000057,Northumberland,Local Authority,age_group,18 to 24,20016
E06000057,Northumberland,Local Authority,age_group,18 to 64,184166
E06000057,Northumberland,Local Authority,age_group,25 to 44,72111
E06000057,Northumberland,Local Authority,age_group,45 to 64,92039
E06000057,Northumberland,Local Authority,age_group,65 and above,88198
E06000057,Northumberland,Local Authority,age_group,65 to 74,45809
E06000057,Northumberland,Local Authority,age_group,75 to 84,31820
E06000057,Northumberland,Local Authority,age_group,85 and above,10569
E06000057,Northumberland,Local Authority,age_group,All,272364
E06000057,Northumberland,Local Authority,ethnicity,All,262149
E06000057,Northumberland,Local Authority,ethnicity,Asian or Asian British,2616
E06000057,Northumberland,Local Authority,ethnicity,"Black, Black British, Caribbean or African",492
E06000057,Northumberland,Local Authority,ethnicity,Mixed or multiple ethnic groups,1209
E06000057,Northumberland,Local Authority,ethnicity,Other ethnic group,751
E06000057,Northumberland,Local Authority,ethnicity,White,257081
E06000057,Northumberland,Local Authority,gender,All,272364
E06000057,Northumberland,Local Authority,gender,Female,140710
E06000057,Northumberland,Local Authority,gender,Male,131654
E06000058,"Bournemouth, Christchurch and Poole",Local Authority,age_group,18 to 24,39235
E06000058,"Bournemouth, Christchurch and Poole",Local Authority,age_group,18 to 64,245306
E06000058,"Bournemouth, Christchurch and Poole",Local Authority,age_group,25 to 44,104005
E06000058,"Bournemouth, Christchurch and Poole",Local Authority,age_group,45 to 64,102066
E06000058,"Bournemouth, Christchurch and Poole",Local Authority,age_group,65 and above,88851
E06000058,"Bournemouth, Christchurch and Poole",Local Authority,age_group,65 to 74,41699
E06000058,"Bournemouth, Christchurch and Poole",Local Authority,age_group,75 to 84,33308
E06000058,"Bournemouth, Christchurch and Poole",Local Authority,age_group,85 and above,13844
E06000058,"Bournemouth, Christchurch and Poole",Local Authority,age_group,All,334157
E06000058,"Bournemouth, Christchurch and Poole",Local Authority,ethnicity,All,326937
E06000058,"Bournemouth, Christchurch and Poole",Local Authority,ethnicity,Asian or Asian British,10455
E06000058,"Bournemouth, Christchurch and Poole",Local Authority,ethnicity,"Black, Black British, Caribbean or African",3448
E06000058,"Bournemouth, Christchurch and Poole",Local Authority,ethnicity,Mixed or multiple ethnic groups,6316
E06000058,"Bournemouth, Christchurch and Poole",Local Authority,ethnicity,Other ethnic group,4534
E06000058,"Bournemouth, Christchurch and Poole",Local Authority,ethnicity,White,302184
E06000058,"Bournemouth, Christchurch and Poole",Local Authority,gender,All,334157
E06000058,"Bournemouth, Christchurch and Poole",Local Authority,gender,Female,172861
E06000058,"Bournemouth, Christchurch and Poole",Local Authority,gender,Male,161296
E06000059,Dorset,Local Authority,age_group,18 to 24,21826
E06000059,Dorset,Local Authority,age_group,18 to 64,203752
E06000059,Dorset,Local Authority,age_group,25 to 44,76392
E06000059,Dorset,Local Authority,age_group,45 to 64,105534
E06000059,Dorset,Local Authority,age_group,65 and above,119046
E06000059,Dorset,Local Authority,age_group,65 to 74,56288
E06000059,Dorset,Local Authority,age_group,75 to 84,45433
E06000059,Dorset,Local Authority,age_group,85 and above,17325
E06000059,Dorset,Local Authority,age_group,All,322798
E06000059,Dorset,Local Authority,ethnicity,All,313491
E06000059,Dorset,Local Authority,ethnicity,Asian or Asian British,3435
E06000059,Dorset,Local Authority,ethnicity,"Black, Black British, Caribbean or African",867
E06000059,Dorset,Local Authority,ethnicity,Mixed or multiple ethnic groups,2304
E06000059,Dorset,Local Authority,ethnicity,Other ethnic group,1077
E06000059,Dorset,Local Authority,ethnicity,White,305808
E06000059,Dorset,Local Authority,gender,All,322798
E06000059,Dorset,Local Authority,gender,Female,168044
E06000059,Dorset,Local Authority,gender,Male,154754
E06000060,Buckinghamshire,Local Authority,age_group,18 to 24,36261
E06000060,Buckinghamshire,Local Authority,age_group,18 to 64,337771
E06000060,Buckinghamshire,Local Authority,age_group,25 to 44,147300
E06000060,Buckinghamshire,Local Authority,age_group,45 to 64,154210
E06000060,Buckinghamshire,Local Authority,age_group,65 and above,110535
E06000060,Buckinghamshire,Local Authority,age_group,65 to 74,53842
E06000060,Buckinghamshire,Local Authority,age_group,75 to 84,40247
E06000060,Buckinghamshire,Local Authority,age_group,85 and above,16446
E06000060,Buckinghamshire,Local Authority,age_group,All,448306
E06000060,Buckinghamshire,Local Authority,ethnicity,All,429565
E06000060,Buckinghamshire,Local Authority,ethnicity,Asian or Asian British,47421
E06000060,Buckinghamshire,Local Authority,ethnicity,"Black, Black British, Caribbean or African",10805
E06000060,Buckinghamshire,Local Authority,ethnicity,Mixed or multiple ethnic groups,8826
E06000060,Buckinghamshire,Local Authority,ethnicity,Other ethnic group,6619
E06000060,Buckinghamshire,Local Authority,ethnicity,White,355894
E06000060,Buckinghamshire,Local Authority,gender,All,448306
E06000060,Buckinghamshire,Local Authority,gender,Female,232623
E06000060,Buckinghamshire,Local Authority,gender,Male,215683
E06000061,North Northamptonshire,Local Authority,age_group,18 to 24,24137
E06000061,North Northamptonshire,Local Authority,age_group,18 to 64,221911
E06000061,North Northamptonshire,Local Authority,age_group,25 to 44,100454
E06000061,North Northamptonshire,Local Authority,age_group,45 to 64,97320
E06000061,North Northamptonshire,Local Authority,age_group,65 and above,68847
E06000061,North Northamptonshire,Local Authority,age_group,65 to 74,35237
E06000061,North Northamptonshire,Local Authority,age_group,75 to 84,25371
E06000061,North Northamptonshire,Local Authority,age_group,85 and above,8239
E06000061,North Northamptonshire,Local Authority,age_group,All,290758
E06000061,North Northamptonshire,Local Authority,ethnicity,All,280417
E06000061,North Northamptonshire,Local Authority,ethnicity,Asian or Asian British,9702
E06000061,North Northamptonshire,Local Authority,ethnicity,"Black, Black British, Caribbean or African",7607
E06000061,North Northamptonshire,Local Authority,ethnicity,Mixed or multiple ethnic groups,3866
E06000061,North Northamptonshire,Local Authority,ethnicity,Other ethnic group,2270
E06000061,North Northamptonshire,Local Authority,ethnicity,White,256972
E06000061,North Northamptonshire,Local Authority,gender,All,290758
E06000061,North Northamptonshire,Local Authority,gender,Female,149101
E06000061,North Northamptonshire,Local Authority,gender,Male,141657
E06000062,West Northamptonshire,Local Authority,age_group,18 to 24,33079
E06000062,West Northamptonshire,Local Authority,age_group,18 to 64,266540
E06000062,West Northamptonshire,Local Authority,age_group,25 to 44,121263
E06000062,West Northamptonshire,Local Authority,age_group,45 to 64,112198
E06000062,West Northamptonshire,Local Authority,age_group,65 and above,76976
E06000062,West Northamptonshire,Local Authority,age_group,65 to 74,39009
E06000062,West Northamptonshire,Local Authority,age_group,75 to 84,28263
E06000062,West Northamptonshire,Local Authority,age_group,85 and above,9704
E06000062,West Northamptonshire,Local Authority,age_group,All,343516
E06000062,West Northamptonshire,Local Authority,ethnicity,All,333824
E06000062,West Northamptonshire,Local Authority,ethnicity,Asian or Asian British,16794
E06000062,West Northamptonshire,Local Authority,ethnicity,"Black, Black British, Caribbean or African",14454
E06000062,West Northamptonshire,Local Authority,ethnicity,Mixed or multiple ethnic groups,6058
E06000062,West Northamptonshire,Local Authority,ethnicity,Other ethnic group,3579
E06000062,West Northamptonshire,Local Authority,ethnicity,White,292939
E06000062,West Northamptonshire,Local Authority,gender,All,343516
E06000062,West Northamptonshire,Local Authority,gender,Female,175431
E06000062,West Northamptonshire,Local Authority,gender,Male,168085
E06000063,Cumberland,Local Authority,age_group,18 to 24,17665
E06000063,Cumberland,Local Authority,age_group,18 to 64,160655
E06000063,Cumberland,Local Authority,age_group,25 to 44,66210
E06000063,Cumberland,Local Authority,age_group,45 to 64,76780
E06000063,Cumberland,Local Authority,age_group,65 and above,67351
E06000063,Cumberland,Local Authority,age_group,65 to 74,34757
E06000063,Cumberland,Local Authority,age_group,75 to 84,23977
E06000063,Cumberland,Local Authority,age_group,85 and above,8617
E06000063,Cumberland,Local Authority,age_group,All,228006
E06000063,Cumberland,Local Authority,ethnicity,All,222145
E06000063,Cumberland,Local Authority,ethnicity,Asian or Asian British,2194
E06000063,Cumberland,Local Authority,ethnicity,"Black, Black British, Caribbean or African",461
E06000063,Cumberland,Local Authority,ethnicity,Mixed or multiple ethnic groups,1070
E06000063,Cumberland,Local Authority,ethnicity,Other ethnic group,762
E06000063,Cumberland,Local Authority,ethnicity,White,217658
E06000063,Cumberland,Local Authority,gender,All,228006
E06000063,Cumberland,Local Authority,gender,Female,116727
E06000063,Cumberland,Local Authority,gender,Male,111279
E06000064,Westmorland and Furness Council,Local Authority,age_group,18 to 24,14321
E06000064,Westmorland and Furness Council,Local Authority,age_group,18 to 64,129887
E06000064,Westmorland and Furness Council,Local Authority,age_group,25 to 44,50595
E06000064,Westmorland and Furness Council,Local Authority,age_group,45 to 64,64971
E06000064,Westmorland and Furness Council,Local Authority,age_group,65 and above,61145
E06000064,Westmorland and Furness Council,Local Authority,age_group,65 to 74,30133
E06000064,Westmorland and Furness Council,Local Authority,age_group,75 to 84,22803
E06000064,Westmorland and Furness Council,Local Authority,age_group,85 and above,8209
E06000064,Westmorland and Furness Council,Local Authority,age_group,All,191032
E06000064,Westmorland and Furness Council,Local Authority,ethnicity,All,187237
E06000064,Westmorland and Furness Council,Local Authority,ethnicity,Asian or Asian British,1751
E06000064,Westmorland and Furness Council,Local Authority,ethnicity,"Black, Black British, Caribbean or African",455
E06000064,Westmorland and Furness Council,Local Authority,ethnicity,Mixed or multiple ethnic groups,1055
E06000064,Westmorland and Furness Council,Local Authority,ethnicity,Other ethnic group,535
E06000064,Westmorland and Furness Council,Local Authority,ethnicity,White,183441
E06000064,Westmorland and Furness Council,Local Authority,gender,All,191032
E06000064,Westmorland and Furness Council,Local Authority,gender,Female,97810
E06000064,Westmorland and Furness Council,Local Authority,gender,Male,93222
E06000065,North Yorkshire,Local Authority,age_group,18 to 24,38268
E06000065,North Yorkshire,Local Authority,age_group,18 to 64,354346
E06000065,North Yorkshire,Local Authority,age_group,25 to 44,138461
E06000065,North Yorkshire,Local Authority,age_group,45 to 64,177617
E06000065,North Yorkshire,Local Authority,age_group,65 and above,165203
E06000065,North Yorkshire,Local Authority,age_group,65 to 74,82115
E06000065,North Yorkshire,Local Authority,age_group,75 to 84,60895
E06000065,North Yorkshire,Local Authority,age_group,85 and above,22193
E06000065,North Yorkshire,Local Authority,age_group,All,519549
E06000065,North Yorkshire,Local Authority,ethnicity,All,501701
E06000065,North Yorkshire,Local Authority,ethnicity,Asian or Asian British,6355
E06000065,North Yorkshire,Local Authority,ethnicity,"Black, Black British, Caribbean or African",1775
E06000065,North Yorkshire,Local Authority,ethnicity,Mixed or multiple ethnic groups,3318
E06000065,North Yorkshire,Local Authority,ethnicity,Other ethnic group,2188
E06000065,North Yorkshire,Local Authority,ethnicity,White,488065
E06000065,North Yorkshire,Local Authority,gender,All,519549
E06000065,North Yorkshire,Local Authority,gender,Female,267878
E06000065,North Yorkshire,Local Authority,gender,Male,251671
E06000066,Somerset,Local Authority,age_group,18 to 24,35913
E06000066,Somerset,Local Authority,age_group,18 to 64,325724
E06000066,Somerset,Local Authority,age_group,25 to 44,133196
E06000066,Somerset,Local Authority,age_group,45 to 64,156615
E06000066,Somerset,Local Authority,age_group,65 and above,149580
E06000066,Somerset,Local Authority,age_group,65 to 74,72977
E06000066,Somerset,Local Authority,age_group,75 to 84,56160
E06000066,Somerset,Local Authority,age_group,85 and above,20443
E06000066,Somerset,Local Authority,age_group,All,475304
E06000066,Somerset,Local Authority,ethnicity,All,461852
E06000066,Somerset,Local Authority,ethnicity,Asian or Asian British,6358
E06000066,Somerset,Local Authority,ethnicity,"Black, Black British, Caribbean or African",1816
E06000066,Somerset,Local Authority,ethnicity,Mixed or multiple ethnic groups,3780
E06000066,Somerset,Local Authority,ethnicity,Other ethnic group,1909
E06000066,Somerset,Local Authority,ethnicity,White,447989
E06000066,Somerset,Local Authority,gender,All,475304
E06000066,Somerset,Local Authority,gender,Female,245257
E06000066,Somerset,Local Authority,gender,Male,230047
E08000001,Bolton,Local Authority,age_group,18 to 24,24888
E08000001,Bolton,Local Authority,age_group,18 to 64,182130
E08000001,Bolton,Local Authority,age_group,25 to 44,83115
E08000001,Bolton,Local Authority,age_group,45 to 64,74127
E08000001,Bolton,Local Authority,age_group,65 and above,52356
E08000001,Bolton,Local Authority,age_group,65 to 74,26888
E08000001,Bolton,Local Authority,age_group,75 to 84,19263
E08000001,Bolton,Local Authority,age_group,85 and above,6205
E08000001,Bolton,Local Authority,age_group,All,234486
E08000001,Bolton,Local Authority,ethnicity,All,224488
E08000001,Bolton,Local Authority,ethnicity,Asian or Asian British,39738
E08000001,Bolton,Local Authority,ethnicity,"Black, Black British, Caribbean or African",6484
E08000001,Bolton,Local Authority,ethnicity,Mixed or multiple ethnic groups,3008
E08000001,Bolton,Local Authority,ethnicity,Other ethnic group,3670
E08000001,Bolton,Local Authority,ethnicity,White,171588
E08000001,Bolton,Local Authority,gender,All,234486
E08000001,Bolton,Local Authority,gender,Female,119361
E08000001,Bolton,Local Authority,gender,Male,115125
E08000002,Bury,Local Authority,age_group,18 to 24,14449
E08000002,Bury,Local Authority,age_group,18 to 64,117653
E08000002,Bury,Local Authority,age_group,25 to 44,53432
E08000002,Bury,Local Authority,age_group,45 to 64,49772
E08000002,Bury,Local Authority,age_group,65 and above,36500
E08000002,Bury,Local Authority,age_group,65 to 74,18314
E08000002,Bury,Local Authority,age_group,75 to 84,13600
E08000002,Bury,Local Authority,age_group,85 and above,4586
E08000002,Bury,Local Authority,age_group,All,154153
E08000002,Bury,Local Authority,ethnicity,All,149969
E08000002,Bury,Local Authority,ethnicity,Asian or Asian British,13811
E08000002,Bury,Local Authority,ethnicity,"Black, Black British, Caribbean or African",2527
E08000002,Bury,Local Authority,ethnicity,Mixed or multiple ethnic groups,2435
E08000002,Bury,Local Authority,ethnicity,Other ethnic group,2545
E08000002,Bury,Local Authority,ethnicity,White,128651
E08000002,Bury,Local Authority,gender,All,154153
E08000002,Bury,Local Authority,gender,Female,78966
E08000002,Bury,Local Authority,gender,Male,75187
E08000003,Manchester,Local Authority,age_group,18 to 24,99367
E08000003,Manchester,Local Authority,age_group,18 to 64,402745
E08000003,Manchester,Local Authority,age_group,25 to 44,191544
E08000003,Manchester,Local Authority,age_group,45 to 64,111834
E08000003,Manchester,Local Authority,age_group,65 and above,55094
E08000003,Manchester,Local Authority,age_group,65 to 74,31931
E08000003,Manchester,Local Authority,age_group,75 to 84,17131
E08000003,Manchester,Local Authority,age_group,85 and above,6032
E08000003,Manchester,Local Authority,age_group,All,457839
E08000003,Manchester,Local Authority,ethnicity,All,424986
E08000003,Manchester,Local Authority,ethnicity,Asian or Asian British,81108
E08000003,Manchester,Local Authority,ethnicity,"Black, Black British, Caribbean or African",43136
E08000003,Manchester,Local Authority,ethnicity,Mixed or multiple ethnic groups,16455
E08000003,Manchester,Local Authority,ethnicity,Other ethnic group,19070
E08000003,Manchester,Local Authority,ethnicity,White,265217
E08000003,Manchester,Local Authority,gender,All,457839
E08000003,Manchester,Local Authority,gender,Female,230973
E08000003,Manchester,Local Authority,gender,Male,226866
E08000004,Oldham,Local Authority,age_group,18 to 24,21468
E08000004,Oldham,Local Authority,age_group,18 to 64,147929
E08000004,Oldham,Local Authority,age_group,25 to 44,67650
E08000004,Oldham,Local Authority,age_group,45 to 64,58811
E08000004,Oldham,Local Authority,age_group,65 and above,39562
E08000004,Oldham,Local Authority,age_group,65 to 74,20452
E08000004,Oldham,Local Authority,age_group,75 to 84,14326
E08000004,Oldham,Local Authority,age_group,85 and above,4784
E08000004,Oldham,Local Authority,age_group,All,187491
E08000004,Oldham,Local Authority,ethnicity,All,180124
E08000004,Oldham,Local Authority,ethnicity,Asian or Asian British,37866
E08000004,Oldham,Local Authority,ethnicity,"Black, Black British, Caribbean or African",4796
E08000004,Oldham,Local Authority,ethnicity,Mixed or multiple ethnic groups,2804
E08000004,Oldham,Local Authority,ethnicity,Other ethnic group,2061
E08000004,Oldham,Local Authority,ethnicity,White,132597
E08000004,Oldham,Local Authority,gender,All,187491
E08000004,Oldham,Local Authority,gender,Female,96384
E08000004,Oldham,Local Authority,gender,Male,91107
E08000005,Rochdale,Local Authority,age_group,18 to 24,18355
E08000005,Rochdale,Local Authority,age_group,18 to 64,138904
E08000005,Rochdale,Local Authority,age_group,25 to 44,64362
E08000005,Rochdale,Local Authority,age_group,45 to 64,56187
E08000005,Rochdale,Local Authority,age_group,65 and above,38570
E08000005,Rochdale,Local Authority,age_group,65 to 74,20865
E08000005,Rochdale,Local Authority,age_group,75 to 84,13439
E08000005,Rochdale,Local Authority,age_group,85 and above,4266
E08000005,Rochdale,Local Authority,age_group,All,177474
E08000005,Rochdale,Local Authority,ethnicity,All,169151
E08000005,Rochdale,Local Authority,ethnicity,Asian or Asian British,27566
E08000005,Rochdale,Local Authority,ethnicity,"Black, Black British, Caribbean or African",4769
E08000005,Rochdale,Local Authority,ethnicity,Mixed or multiple ethnic groups,2373
E08000005,Rochdale,Local Authority,ethnicity,Other ethnic group,2381
E08000005,Rochdale,Local Authority,ethnicity,White,132062
E08000005,Rochdale,Local Authority,gender,All,177474
E08000005,Rochdale,Local Authority,gender,Female,91344
E08000005,Rochdale,Local Authority,gender,Male,86130
E08000006,Salford,Local Authority,age_group,18 to 24,34185
E08000006,Salford,Local Authority,age_group,18 to 64,193782
E08000006,Salford,Local Authority,age_group,25 to 44,101830
E08000006,Salford,Local Authority,age_group,45 to 64,57767
E08000006,Salford,Local Authority,age_group,65 and above,36944
E08000006,Salford,Local Authority,age_group,65 to 74,19240
E08000006,Salford,Local Authority,age_group,75 to 84,13194
E08000006,Salford,Local Authority,age_group,85 and above,4510
E08000006,Salford,Local Authority,age_group,All,230726
E08000006,Salford,Local Authority,ethnicity,All,211280
E08000006,Salford,Local Authority,ethnicity,Asian or Asian British,11553
E08000006,Salford,Local Authority,ethnicity,"Black, Black British, Caribbean or African",11053
E08000006,Salford,Local Authority,ethnicity,Mixed or multiple ethnic groups,4857
E08000006,Salford,Local Authority,ethnicity,Other ethnic group,5464
E08000006,Salford,Local Authority,ethnicity,White,178353
E08000006,Salford,Local Authority,gender,All,230726
E08000006,Salford,Local Authority,gender,Female,115687
E08000006,Salford,Local Authority,gender,Male,115039
E08000007,Stockport,Local Authority,age_group,18 to 24,18381
E08000007,Stockport,Local Authority,age_group,18 to 64,177784
E08000007,Stockport,Local Authority,age_group,25 to 44,81895
E08000007,Stockport,Local Authority,age_group,45 to 64,77508
E08000007,Stockport,Local Authority,age_group,65 and above,61235
E08000007,Stockport,Local Authority,age_group,65 to 74,29827
E08000007,Stockport,Local Authority,age_group,75 to 84,22545
E08000007,Stockport,Local Authority,age_group,85 and above,8863
E08000007,Stockport,Local Authority,age_group,All,239019
E08000007,Stockport,Local Authority,ethnicity,All,232339
E08000007,Stockport,Local Authority,ethnicity,Asian or Asian British,15530
E08000007,Stockport,Local Authority,ethnicity,"Black, Black British, Caribbean or African",2530
E08000007,Stockport,Local Authority,ethnicity,Mixed or multiple ethnic groups,3712
E08000007,Stockport,Local Authority,ethnicity,Other ethnic group,3528
E08000007,Stockport,Local Authority,ethnicity,White,207039
E08000007,Stockport,Local Authority,gender,All,239019
E08000007,Stockport,Local Authority,gender,Female,123611
E08000007,Stockport,Local Authority,gender,Male,115408
E08000008,Tameside,Local Authority,age_group,18 to 24,17181
E08000008,Tameside,Local Authority,age_group,18 to 64,144573
E08000008,Tameside,Local Authority,age_group,25 to 44,66668
E08000008,Tameside,Local Authority,age_group,45 to 64,60724
E08000008,Tameside,Local Authority,age_group,65 and above,42169
E08000008,Tameside,Local Authority,age_group,65 to 74,22155
E08000008,Tameside,Local Authority,age_group,75 to 84,15259
E08000008,Tameside,Local Authority,age_group,85 and above,4755
E08000008,Tameside,Local Authority,age_group,All,186742
E08000008,Tameside,Local Authority,ethnicity,All,179873
E08000008,Tameside,Local Authority,ethnicity,Asian or Asian British,14541
E08000008,Tameside,Local Authority,ethnicity,"Black, Black British, Caribbean or African",3470
E08000008,Tameside,Local Authority,ethnicity,Mixed or multiple ethnic groups,2348
E08000008,Tameside,Local Authority,ethnicity,Other ethnic group,1424
E08000008,Tameside,Local Authority,ethnicity,White,158090
E08000008,Tameside,Local Authority,gender,All,186742
E08000008,Tameside,Local Authority,gender,Female,95956
E08000008,Tameside,Local Authority,gender,Male,90786
E08000009,Trafford,Local Authority,age_group,18 to 24,16025
E08000009,Trafford,Local Authority,age_group,18 to 64,141773
E08000009,Trafford,Local Authority,age_group,25 to 44,63707
E08000009,Trafford,Local Authority,age_group,45 to 64,62041
E08000009,Trafford,Local Authority,age_group,65 and above,42515
E08000009,Trafford,Local Authority,age_group,65 to 74,21150
E08000009,Trafford,Local Authority,age_group,75 to 84,15116
E08000009,Trafford,Local Authority,age_group,85 and above,6249
E08000009,Trafford,Local Authority,age_group,All,184288
E08000009,Trafford,Local Authority,ethnicity,All,180249
E08000009,Trafford,Local Authority,ethnicity,Asian or Asian British,20052
E08000009,Trafford,Local Authority,ethnicity,"Black, Black British, Caribbean or African",5982
E08000009,Trafford,Local Authority,ethnicity,Mixed or multiple ethnic groups,4023
E08000009,Trafford,Local Authority,ethnicity,Other ethnic group,3937
E08000009,Trafford,Local Authority,ethnicity,White,146255
E08000009,Trafford,Local Authority,gender,All,184288
E08000009,Trafford,Local Authority,gender,Female,95744
E08000009,Trafford,Local Authority,gender,Male,88544
E08000010,Wigan,Local Authority,age_group,18 to 24,23860
E08000010,Wigan,Local Authority,age_group,18 to 64,206738
E08000010,Wigan,Local Authority,age_group,25 to 44,93608
E08000010,Wigan,Local Authority,age_group,45 to 64,89270
E08000010,Wigan,Local Authority,age_group,65 and above,66487
E08000010,Wigan,Local Authority,age_group,65 to 74,33686
E08000010,Wigan,Local Authority,age_group,75 to 84,25565
E08000010,Wigan,Local Authority,age_group,85 and above,7236
E08000010,Wigan,Local Authority,age_group,All,273225
E08000010,Wigan,Local Authority,ethnicity,All,261206
E08000010,Wigan,Local Authority,ethnicity,Asian or Asian British,4262
E08000010,Wigan,Local Authority,ethnicity,"Black, Black British, Caribbean or African",2628
E08000010,Wigan,Local Authority,ethnicity,Mixed or multiple ethnic groups,2087
E08000010,Wigan,Local Authority,ethnicity,Other ethnic group,1645
E08000010,Wigan,Local Authority,ethnicity,White,250584
E08000010,Wigan,Local Authority,gender,All,273225
E08000010,Wigan,Local Authority,gender,Female,139150
E08000010,Wigan,Local Authority,gender,Male,134075
E08000011,Knowsley,Local Authority,age_group,18 to 24,11729
E08000011,Knowsley,Local Authority,age_group,18 to 64,98366
E08000011,Knowsley,Local Authority,age_group,25 to 44,46132
E08000011,Knowsley,Local Authority,age_group,45 to 64,40505
E08000011,Knowsley,Local Authority,age_group,65 and above,28160
E08000011,Knowsley,Local Authority,age_group,65 to 74,16300
E08000011,Knowsley,Local Authority,age_group,75 to 84,8613
E08000011,Knowsley,Local Authority,age_group,85 and above,3247
E08000011,Knowsley,Local Authority,age_group,All,126526
E08000011,Knowsley,Local Authority,ethnicity,All,120788
E08000011,Knowsley,Local Authority,ethnicity,Asian or Asian British,1811
E08000011,Knowsley,Local Authority,ethnicity,"Black, Black British, Caribbean or African",909
E08000011,Knowsley,Local Authority,ethnicity,Mixed or multiple ethnic groups,1539
E08000011,Knowsley,Local Authority,ethnicity,Other ethnic group,597
E08000011,Knowsley,Local Authority,ethnicity,White,115932
E08000011,Knowsley,Local Authority,gender,All,126526
E08000011,Knowsley,Local Authority,gender,Female,67076
E08000011,Knowsley,Local Authority,gender,Male,59450
E08000012,Liverpool,Local Authority,age_group,18 to 24,77430
E08000012,Liverpool,Local Authority,age_group,18 to 64,333127
E08000012,Liverpool,Local Authority,age_group,25 to 44,145991
E08000012,Liverpool,Local Authority,age_group,45 to 64,109706
E08000012,Liverpool,Local Authority,age_group,65 and above,78032
E08000012,Liverpool,Local Authority,age_group,65 to 74,43456
E08000012,Liverpool,Local Authority,age_group,75 to 84,25562
E08000012,Liverpool,Local Authority,age_group,85 and above,9014
E08000012,Liverpool,Local Authority,age_group,All,411159
E08000012,Liverpool,Local Authority,ethnicity,All,393362
E08000012,Liverpool,Local Authority,ethnicity,Asian or Asian British,21309
E08000012,Liverpool,Local Authority,ethnicity,"Black, Black British, Caribbean or African",11718
E08000012,Liverpool,Local Authority,ethnicity,Mixed or multiple ethnic groups,10708
E08000012,Liverpool,Local Authority,ethnicity,Other ethnic group,11022
E08000012,Liverpool,Local Authority,ethnicity,White,338605
E08000012,Liverpool,Local Authority,gender,All,411159
E08000012,Liverpool,Local Authority,gender,Female,213039
E08000012,Liverpool,Local Authority,gender,Male,198120
E08000013,St. Helens,Local Authority,age_group,18 to 24,13236
E08000013,St. Helens,Local Authority,age_group,18 to 64,112432
E08000013,St. Helens,Local Authority,age_group,25 to 44,49854
E08000013,St. Helens,Local Authority,age_group,45 to 64,49342
E08000013,St. Helens,Local Authority,age_group,65 and above,38821
E08000013,St. Helens,Local Authority,age_group,65 to 74,19552
E08000013,St. Helens,Local Authority,age_group,75 to 84,14389
E08000013,St. Helens,Local Authority,age_group,85 and above,4880
E08000013,St. Helens,Local Authority,age_group,All,151253
E08000013,St. Helens,Local Authority,ethnicity,All,146493
E08000013,St. Helens,Local Authority,ethnicity,Asian or Asian British,1950
E08000013,St. Helens,Local Authority,ethnicity,"Black, Black British, Caribbean or African",542
E08000013,St. Helens,Local Authority,ethnicity,Mixed or multiple ethnic groups,1021
E08000013,St. Helens,Local Authority,ethnicity,Other ethnic group,732
E08000013,St. Helens,Local Authority,ethnicity,White,142248
E08000013,St. Helens,Local Authority,gender,All,151253
E08000013,St. Helens,Local Authority,gender,Female,77491
E08000013,St. Helens,Local Authority,gender,Male,73762
E08000014,Sefton,Local Authority,age_group,18 to 24,18418
E08000014,Sefton,Local Authority,age_group,18 to 64,163658
E08000014,Sefton,Local Authority,age_group,25 to 44,69336
E08000014,Sefton,Local Authority,age_group,45 to 64,75904
E08000014,Sefton,Local Authority,age_group,65 and above,67863
E08000014,Sefton,Local Authority,age_group,65 to 74,33690
E08000014,Sefton,Local Authority,age_group,75 to 84,24140
E08000014,Sefton,Local Authority,age_group,85 and above,10033
E08000014,Sefton,Local Authority,age_group,All,231521
E08000014,Sefton,Local Authority,ethnicity,All,226240
E08000014,Sefton,Local Authority,ethnicity,Asian or Asian British,3349
E08000014,Sefton,Local Authority,ethnicity,"Black, Black British, Caribbean or African",1173
E08000014,Sefton,Local Authority,ethnicity,Mixed or multiple ethnic groups,2139
E08000014,Sefton,Local Authority,ethnicity,Other ethnic group,1339
E08000014,Sefton,Local Authority,ethnicity,White,218240
E08000014,Sefton,Local Authority,gender,All,231521
E08000014,Sefton,Local Authority,gender,Female,120375
E08000014,Sefton,Local Authority,gender,Male,111146
E08000015,Wirral,Local Authority,age_group,18 to 24,21912
E08000015,Wirral,Local Authority,age_group,18 to 64,188536
E08000015,Wirral,Local Authority,age_group,25 to 44,80244
E08000015,Wirral,Local Authority,age_group,45 to 64,86380
E08000015,Wirral,Local Authority,age_group,65 and above,74114
E08000015,Wirral,Local Authority,age_group,65 to 74,37755
E08000015,Wirral,Local Authority,age_group,75 to 84,26541
E08000015,Wirral,Local Authority,age_group,85 and above,9818
E08000015,Wirral,Local Authority,age_group,All,262650
E08000015,Wirral,Local Authority,ethnicity,All,254636
E08000015,Wirral,Local Authority,ethnicity,Asian or Asian British,5338
E08000015,Wirral,Local Authority,ethnicity,"Black, Black British, Caribbean or African",1044
E08000015,Wirral,Local Authority,ethnicity,Mixed or multiple ethnic groups,2427
E08000015,Wirral,Local Authority,ethnicity,Other ethnic group,1374
E08000015,Wirral,Local Authority,ethnicity,White,244453
E08000015,Wirral,Local Authority,gender,All,262650
E08000015,Wirral,Local Authority,gender,Female,137100
E08000015,Wirral,Local Authority,gender,Male,125550
E08000016,Barnsley,Local Authority,age_group,18 to 24,16428
E08000016,Barnsley,Local Authority,age_group,18 to 64,149433
E08000016,Barnsley,Local Authority,age_group,25 to 44,66934
E08000016,Barnsley,Local Authority,age_group,45 to 64,66071
E08000016,Barnsley,Local Authority,age_group,65 and above,50538
E08000016,Barnsley,Local Authority,age_group,65 to 74,26479
E08000016,Barnsley,Local Authority,age_group,75 to 84,18183
E08000016,Barnsley,Local Authority,age_group,85 and above,5876
E08000016,Barnsley,Local Authority,age_group,All,199971
E08000016,Barnsley,Local Authority,ethnicity,All,194503
E08000016,Barnsley,Local Authority,ethnicity,Asian or Asian British,1733
E08000016,Barnsley,Local Authority,ethnicity,"Black, Black British, Caribbean or African",1156
E08000016,Barnsley,Local Authority,ethnicity,Mixed or multiple ethnic groups,1209
E08000016,Barnsley,Local Authority,ethnicity,Other ethnic group,963
E08000016,Barnsley,Local Authority,ethnicity,White,189442
E08000016,Barnsley,Local Authority,gender,All,199971
E08000016,Barnsley,Local Authority,gender,Female,102603
E08000016,Barnsley,Local Authority,gender,Male,97368
E08000017,Doncaster,Local Authority,age_group,18 to 24,21292
E08000017,Doncaster,Local Authority,age_group,18 to 64,188803
E08000017,Doncaster,Local Authority,age_group,25 to 44,86421
E08000017,Doncaster,Local Authority,age_group,45 to 64,81090
E08000017,Doncaster,Local Authority,age_group,65 and above,62691
E08000017,Doncaster,Local Authority,age_group,65 to 74,32843
E08000017,Doncaster,Local Authority,age_group,75 to 84,22217
E08000017,Doncaster,Local Authority,age_group,85 and above,7631
E08000017,Doncaster,Local Authority,age_group,All,251494
E08000017,Doncaster,Local Authority,ethnicity,All,244059
E08000017,Doncaster,Local Authority,ethnicity,Asian or Asian British,6638
E08000017,Doncaster,Local Authority,ethnicity,"Black, Black British, Caribbean or African",2795
E08000017,Doncaster,Local Authority,ethnicity,Mixed or multiple ethnic groups,2304
E08000017,Doncaster,Local Authority,ethnicity,Other ethnic group,2676
E08000017,Doncaster,Local Authority,ethnicity,White,229646
E08000017,Doncaster,Local Authority,gender,All,251494
E08000017,Doncaster,Local Authority,gender,Female,127512
E08000017,Doncaster,Local Authority,gender,Male,123982
E08000018,Rotherham,Local Authority,age_group,18 to 24,19769
E08000018,Rotherham,Local Authority,age_group,18 to 64,162717
E08000018,Rotherham,Local Authority,age_group,25 to 44,72996
E08000018,Rotherham,Local Authority,age_group,45 to 64,69952
E08000018,Rotherham,Local Authority,age_group,65 and above,54357
E08000018,Rotherham,Local Authority,age_group,65 to 74,27657
E08000018,Rotherham,Local Authority,age_group,75 to 84,19986
E08000018,Rotherham,Local Authority,age_group,85 and above,6714
E08000018,Rotherham,Local Authority,age_group,All,217074
E08000018,Rotherham,Local Authority,ethnicity,All,209439
E08000018,Rotherham,Local Authority,ethnicity,Asian or Asian British,9545
E08000018,Rotherham,Local Authority,ethnicity,"Black, Black British, Caribbean or African",2012
E08000018,Rotherham,Local Authority,ethnicity,Mixed or multiple ethnic groups,1749
E08000018,Rotherham,Local Authority,ethnicity,Other ethnic group,1870
E08000018,Rotherham,Local Authority,ethnicity,White,194263
E08000018,Rotherham,Local Authority,gender,All,217074
E08000018,Rotherham,Local Authority,gender,Female,111468
E08000018,Rotherham,Local Authority,gender,Male,105606
E08000019,Sheffield,Local Authority,age_group,18 to 24,74925
E08000019,Sheffield,Local Authority,age_group,18 to 64,368453
E08000019,Sheffield,Local Authority,age_group,25 to 44,162656
E08000019,Sheffield,Local Authority,age_group,45 to 64,130872
E08000019,Sheffield,Local Authority,age_group,65 and above,97761
E08000019,Sheffield,Local Authority,age_group,65 to 74,48542
E08000019,Sheffield,Local Authority,age_group,75 to 84,35672
E08000019,Sheffield,Local Authority,age_group,85 and above,13547
E08000019,Sheffield,Local Authority,age_group,All,466214
E08000019,Sheffield,Local Authority,ethnicity,All,444004
E08000019,Sheffield,Local Authority,ethnicity,Asian or Asian British,38937
E08000019,Sheffield,Local Authority,ethnicity,"Black, Black British, Caribbean or African",17838
E08000019,Sheffield,Local Authority,ethnicity,Mixed or multiple ethnic groups,10211
E08000019,Sheffield,Local Authority,ethnicity,Other ethnic group,11618
E08000019,Sheffield,Local Authority,ethnicity,White,365400
E08000019,Sheffield,Local Authority,gender,All,466214
E08000019,Sheffield,Local Authority,gender,Female,237724
E08000019,Sheffield,Local Authority,gender,Male,228490
E08000021,Newcastle upon Tyne,Local Authority,age_group,18 to 24,56988
E08000021,Newcastle upon Tyne,Local Authority,age_group,18 to 64,211995
E08000021,Newcastle upon Tyne,Local Authority,age_group,25 to 44,89727
E08000021,Newcastle upon Tyne,Local Authority,age_group,45 to 64,65280
E08000021,Newcastle upon Tyne,Local Authority,age_group,65 and above,47404
E08000021,Newcastle upon Tyne,Local Authority,age_group,65 to 74,25124
E08000021,Newcastle upon Tyne,Local Authority,age_group,75 to 84,15749
E08000021,Newcastle upon Tyne,Local Authority,age_group,85 and above,6531
E08000021,Newcastle upon Tyne,Local Authority,age_group,All,259399
E08000021,Newcastle upon Tyne,Local Authority,ethnicity,All,242540
E08000021,Newcastle upon Tyne,Local Authority,ethnicity,Asian or Asian British,25448
E08000021,Newcastle upon Tyne,Local Authority,ethnicity,"Black, Black British, Caribbean or African",6255
E08000021,Newcastle upon Tyne,Local Authority,ethnicity,Mixed or multiple ethnic groups,4003
E08000021,Newcastle upon Tyne,Local Authority,ethnicity,Other ethnic group,6328
E08000021,Newcastle upon Tyne,Local Authority,ethnicity,White,200506
E08000021,Newcastle upon Tyne,Local Authority,gender,All,259399
E08000021,Newcastle upon Tyne,Local Authority,gender,Female,132690
E08000021,Newcastle upon Tyne,Local Authority,gender,Male,126709
E08000022,North Tyneside,Local Authority,age_group,18 to 24,13821
E08000022,North Tyneside,Local Authority,age_group,18 to 64,127240
E08000022,North Tyneside,Local Authority,age_group,25 to 44,57186
E08000022,North Tyneside,Local Authority,age_group,45 to 64,56233
E08000022,North Tyneside,Local Authority,age_group,65 and above,45522
E08000022,North Tyneside,Local Authority,age_group,65 to 74,23933
E08000022,North Tyneside,Local Authority,age_group,75 to 84,15938
E08000022,North Tyneside,Local Authority,age_group,85 and above,5651
E08000022,North Tyneside,Local Authority,age_group,All,172762
E08000022,North Tyneside,Local Authority,ethnicity,All,167038
E08000022,North Tyneside,Local Authority,ethnicity,Asian or Asian British,3980
E08000022,North Tyneside,Local Authority,ethnicity,"Black, Black British, Caribbean or African",882
E08000022,North Tyneside,Local Authority,ethnicity,Mixed or multiple ethnic groups,1393
E08000022,North Tyneside,Local Authority,ethnicity,Other ethnic group,915
E08000022,North Tyneside,Local Authority,ethnicity,White,159868
E08000022,North Tyneside,Local Authority,gender,All,172762
E08000022,North Tyneside,Local Authority,gender,Female,89960
E08000022,North Tyneside,Local Authority,gender,Male,82802
E08000023,South Tyneside,Local Authority,age_group,18 to 24,10549
E08000023,South Tyneside,Local Authority,age_group,18 to 64,88341
E08000023,South Tyneside,Local Authority,age_group,25 to 44,38606
E08000023,South Tyneside,Local Authority,age_group,45 to 64,39186
E08000023,South Tyneside,Local Authority,age_group,65 and above,32539
E08000023,South Tyneside,Local Authority,age_group,65 to 74,17449
E08000023,South Tyneside,Local Authority,age_group,75 to 84,10994
E08000023,South Tyneside,Local Authority,age_group,85 and above,4096
E08000023,South Tyneside,Local Authority,age_group,All,120880
E08000023,South Tyneside,Local Authority,ethnicity,All,118119
E08000023,South Tyneside,Local Authority,ethnicity,Asian or Asian British,2984
E08000023,South Tyneside,Local Authority,ethnicity,"Black, Black British, Caribbean or African",525
E08000023,South Tyneside,Local Authority,ethnicity,Mixed or multiple ethnic groups,1142
E08000023,South Tyneside,Local Authority,ethnicity,Other ethnic group,882
E08000023,South Tyneside,Local Authority,ethnicity,White,112586
E08000023,South Tyneside,Local Authority,gender,All,120880
E08000023,South Tyneside,Local Authority,gender,Female,62478
E08000023,South Tyneside,Local Authority,gender,Male,58402
E08000024,Sunderland,Local Authority,age_group,18 to 24,21730
E08000024,Sunderland,Local Authority,age_group,18 to 64,171991
E08000024,Sunderland,Local Authority,age_group,25 to 44,76968
E08000024,Sunderland,Local Authority,age_group,45 to 64,73293
E08000024,Sunderland,Local Authority,age_group,65 and above,59845
E08000024,Sunderland,Local Authority,age_group,65 to 74,32132
E08000024,Sunderland,Local Authority,age_group,75 to 84,20383
E08000024,Sunderland,Local Authority,age_group,85 and above,7330
E08000024,Sunderland,Local Authority,age_group,All,231836
E08000024,Sunderland,Local Authority,ethnicity,All,220088
E08000024,Sunderland,Local Authority,ethnicity,Asian or Asian British,5898
E08000024,Sunderland,Local Authority,ethnicity,"Black, Black British, Caribbean or African",1938
E08000024,Sunderland,Local Authority,ethnicity,Mixed or multiple ethnic groups,1211
E08000024,Sunderland,Local Authority,ethnicity,Other ethnic group,1154
E08000024,Sunderland,Local Authority,ethnicity,White,209887
E08000024,Sunderland,Local Authority,gender,All,231836
E08000024,Sunderland,Local Authority,gender,Female,120024
E08000024,Sunderland,Local Authority,gender,Male,111812
E08000025,Birmingham,Local Authority,age_group,18 to 24,144651
E08000025,Birmingham,Local Authority,age_group,18 to 64,736353
E08000025,Birmingham,Local Authority,age_group,25 to 44,338141
E08000025,Birmingham,Local Authority,age_group,45 to 64,253561
E08000025,Birmingham,Local Authority,age_group,65 and above,154406
E08000025,Birmingham,Local Authority,age_group,65 to 74,81298
E08000025,Birmingham,Local Authority,age_group,75 to 84,51273
E08000025,Birmingham,Local Authority,age_group,85 and above,21835
E08000025,Birmingham,Local Authority,age_group,All,890759
E08000025,Birmingham,Local Authority,ethnicity,All,857456
E08000025,Birmingham,Local Authority,ethnicity,Asian or Asian British,244858
E08000025,Birmingham,Local Authority,ethnicity,"Black, Black British, Caribbean or African",88123
E08000025,Birmingham,Local Authority,ethnicity,Mixed or multiple ethnic groups,28030
E08000025,Birmingham,Local Authority,ethnicity,Other ethnic group,34620
E08000025,Birmingham,Local Authority,ethnicity,White,461825
E08000025,Birmingham,Local Authority,gender,All,890759
E08000025,Birmingham,Local Authority,gender,Female,455578
E08000025,Birmingham,Local Authority,gender,Male,435181
E08000026,Coventry,Local Authority,age_group,18 to 24,46998
E08000026,Coventry,Local Authority,age_group,18 to 64,234165
E08000026,Coventry,Local Authority,age_group,25 to 44,109119
E08000026,Coventry,Local Authority,age_group,45 to 64,78048
E08000026,Coventry,Local Authority,age_group,65 and above,51300
E08000026,Coventry,Local Authority,age_group,65 to 74,25858
E08000026,Coventry,Local Authority,age_group,75 to 84,18123
E08000026,Coventry,Local Authority,age_group,85 and above,7319
E08000026,Coventry,Local Authority,age_group,All,285465
E08000026,Coventry,Local Authority,ethnicity,All,268772
E08000026,Coventry,Local Authority,ethnicity,Asian or Asian British,48145
E08000026,Coventry,Local Authority,ethnicity,"Black, Black British, Caribbean or African",20943
E08000026,Coventry,Local Authority,ethnicity,Mixed or multiple ethnic groups,6003
E08000026,Coventry,Local Authority,ethnicity,Other ethnic group,9011
E08000026,Coventry,Local Authority,ethnicity,White,184670
E08000026,Coventry,Local Authority,gender,All,285465
E08000026,Coventry,Local Authority,gender,Female,143257
E08000026,Coventry,Local Authority,gender,Male,142208
E08000027,Dudley,Local Authority,age_group,18 to 24,24104
E08000027,Dudley,Local Authority,age_group,18 to 64,193731
E08000027,Dudley,Local Authority,age_group,25 to 44,86269
E08000027,Dudley,Local Authority,age_group,45 to 64,83358
E08000027,Dudley,Local Authority,age_group,65 and above,67075
E08000027,Dudley,Local Authority,age_group,65 to 74,32676
E08000027,Dudley,Local Authority,age_group,75 to 84,25091
E08000027,Dudley,Local Authority,age_group,85 and above,9308
E08000027,Dudley,Local Authority,age_group,All,260806
E08000027,Dudley,Local Authority,ethnicity,All,254910
E08000027,Dudley,Local Authority,ethnicity,Asian or Asian British,18687
E08000027,Dudley,Local Authority,ethnicity,"Black, Black British, Caribbean or African",5899
E08000027,Dudley,Local Authority,ethnicity,Mixed or multiple ethnic groups,4126
E08000027,Dudley,Local Authority,ethnicity,Other ethnic group,3042
E08000027,Dudley,Local Authority,ethnicity,White,223156
E08000027,Dudley,Local Authority,gender,All,260806
E08000027,Dudley,Local Authority,gender,Female,133670
E08000027,Dudley,Local Authority,gender,Male,127136
E08000028,Sandwell,Local Authority,age_group,18 to 24,30827
E08000028,Sandwell,Local Authority,age_group,18 to 64,214026
E08000028,Sandwell,Local Authority,age_group,25 to 44,99653
E08000028,Sandwell,Local Authority,age_group,45 to 64,83546
E08000028,Sandwell,Local Authority,age_group,65 and above,51241
E08000028,Sandwell,Local Authority,age_group,65 to 74,26940
E08000028,Sandwell,Local Authority,age_group,75 to 84,17497
E08000028,Sandwell,Local Authority,age_group,85 and above,6804
E08000028,Sandwell,Local Authority,age_group,All,265267
E08000028,Sandwell,Local Authority,ethnicity,All,256712
E08000028,Sandwell,Local Authority,ethnicity,Asian or Asian British,62112
E08000028,Sandwell,Local Authority,ethnicity,"Black, Black British, Caribbean or African",20476
E08000028,Sandwell,Local Authority,ethnicity,Mixed or multiple ethnic groups,6529
E08000028,Sandwell,Local Authority,ethnicity,Other ethnic group,9585
E08000028,Sandwell,Local Authority,ethnicity,White,158010
E08000028,Sandwell,Local Authority,gender,All,265267
E08000028,Sandwell,Local Authority,gender,Female,135901
E08000028,Sandwell,Local Authority,gender,Male,129366
E08000029,Solihull,Local Authority,age_group,18 to 24,14647
E08000029,Solihull,Local Authority,age_group,18 to 64,124988
E08000029,Solihull,Local Authority,age_group,25 to 44,53520
E08000029,Solihull,Local Authority,age_group,45 to 64,56821
E08000029,Solihull,Local Authority,age_group,65 and above,47025
E08000029,Solihull,Local Authority,age_group,65 to 74,21817
E08000029,Solihull,Local Authority,age_group,75 to 84,18005
E08000029,Solihull,Local Authority,age_group,85 and above,7203
E08000029,Solihull,Local Authority,age_group,All,172013
E08000029,Solihull,Local Authority,ethnicity,All,169311
E08000029,Solihull,Local Authority,ethnicity,Asian or Asian British,16975
E08000029,Solihull,Local Authority,ethnicity,"Black, Black British, Caribbean or African",3044
E08000029,Solihull,Local Authority,ethnicity,Mixed or multiple ethnic groups,3399
E08000029,Solihull,Local Authority,ethnicity,Other ethnic group,2304
E08000029,Solihull,Local Authority,ethnicity,White,143589
E08000029,Solihull,Local Authority,gender,All,172013
E08000029,Solihull,Local Authority,gender,Female,90025
E08000029,Solihull,Local Authority,gender,Male,81988
E08000030,Walsall,Local Authority,age_group,18 to 24,23737
E08000030,Walsall,Local Authority,age_group,18 to 64,173291
E08000030,Walsall,Local Authority,age_group,25 to 44,79726
E08000030,Walsall,Local Authority,age_group,45 to 64,69828
E08000030,Walsall,Local Authority,age_group,65 and above,50588
E08000030,Walsall,Local Authority,age_group,65 to 74,25036
E08000030,Walsall,Local Authority,age_group,75 to 84,18311
E08000030,Walsall,Local Authority,age_group,85 and above,7241
E08000030,Walsall,Local Authority,age_group,All,223879
E08000030,Walsall,Local Authority,ethnicity,All,215850
E08000030,Walsall,Local Authority,ethnicity,Asian or Asian British,37050
E08000030,Walsall,Local Authority,ethnicity,"Black, Black British, Caribbean or African",8762
E08000030,Walsall,Local Authority,ethnicity,Mixed or multiple ethnic groups,3987
E08000030,Walsall,Local Authority,ethnicity,Other ethnic group,4115
E08000030,Walsall,Local Authority,ethnicity,White,161936
E08000030,Walsall,Local Authority,gender,All,223879
E08000030,Walsall,Local Authority,gender,Female,115090
E08000030,Walsall,Local Authority,gender,Male,108789
E08000031,Wolverhampton,Local Authority,age_group,18 to 24,22860
E08000031,Wolverhampton,Local Authority,age_group,18 to 64,167738
E08000031,Wolverhampton,Local Authority,age_group,25 to 44,78827
E08000031,Wolverhampton,Local Authority,age_group,45 to 64,66051
E08000031,Wolverhampton,Local Authority,age_group,65 and above,45108
E08000031,Wolverhampton,Local Authority,age_group,65 to 74,23364
E08000031,Wolverhampton,Local Authority,age_group,75 to 84,15247
E08000031,Wolverhampton,Local Authority,age_group,85 and above,6497
E08000031,Wolverhampton,Local Authority,age_group,All,212846
E08000031,Wolverhampton,Local Authority,ethnicity,All,201910
E08000031,Wolverhampton,Local Authority,ethnicity,Asian or Asian British,41827
E08000031,Wolverhampton,Local Authority,ethnicity,"Black, Black British, Caribbean or African",17547
E08000031,Wolverhampton,Local Authority,ethnicity,Mixed or multiple ethnic groups,6468
E08000031,Wolverhampton,Local Authority,ethnicity,Other ethnic group,6707
E08000031,Wolverhampton,Local Authority,ethnicity,White,129361
E08000031,Wolverhampton,Local Authority,gender,All,212846
E08000031,Wolverhampton,Local Authority,gender,Female,109027
E08000031,Wolverhampton,Local Authority,gender,Male,103819
E08000032,Bradford,Local Authority,age_group,18 to 24,48844
E08000032,Bradford,Local Authority,age_group,18 to 64,333625
E08000032,Bradford,Local Authority,age_group,25 to 44,154170
E08000032,Bradford,Local Authority,age_group,45 to 64,130611
E08000032,Bradford,Local Authority,age_group,65 and above,87497
E08000032,Bradford,Local Authority,age_group,65 to 74,46637
E08000032,Bradford,Local Authority,age_group,75 to 84,29306
E08000032,Bradford,Local Authority,age_group,85 and above,11554
E08000032,Bradford,Local Authority,age_group,All,421122
E08000032,Bradford,Local Authority,ethnicity,All,405505
E08000032,Bradford,Local Authority,ethnicity,Asian or Asian British,115135
E08000032,Bradford,Local Authority,ethnicity,"Black, Black British, Caribbean or African",7890
E08000032,Bradford,Local Authority,ethnicity,Mixed or multiple ethnic groups,6689
E08000032,Bradford,Local Authority,ethnicity,Other ethnic group,7413
E08000032,Bradford,Local Authority,ethnicity,White,268378
E08000032,Bradford,Local Authority,gender,All,421122
E08000032,Bradford,Local Authority,gender,Female,216954
E08000032,Bradford,Local Authority,gender,Male,204168
E08000033,Calderdale,Local Authority,age_group,18 to 24,14761
E08000033,Calderdale,Local Authority,age_group,18 to 64,124509
E08000033,Calderdale,Local Authority,age_group,25 to 44,53076
E08000033,Calderdale,Local Authority,age_group,45 to 64,56672
E08000033,Calderdale,Local Authority,age_group,65 and above,41290
E08000033,Calderdale,Local Authority,age_group,65 to 74,21650
E08000033,Calderdale,Local Authority,age_group,75 to 84,14789
E08000033,Calderdale,Local Authority,age_group,85 and above,4851
E08000033,Calderdale,Local Authority,age_group,All,165799
E08000033,Calderdale,Local Authority,ethnicity,All,161505
E08000033,Calderdale,Local Authority,ethnicity,Asian or Asian British,14401
E08000033,Calderdale,Local Authority,ethnicity,"Black, Black British, Caribbean or African",1031
E08000033,Calderdale,Local Authority,ethnicity,Mixed or multiple ethnic groups,1949
E08000033,Calderdale,Local Authority,ethnicity,Other ethnic group,1133
E08000033,Calderdale,Local Authority,ethnicity,White,142991
E08000033,Calderdale,Local Authority,gender,All,165799
E08000033,Calderdale,Local Authority,gender,Female,85519
E08000033,Calderdale,Local Authority,gender,Male,80280
E08000034,Kirklees,Local Authority,age_group,18 to 24,37091
E08000034,Kirklees,Local Authority,age_group,18 to 64,267049
E08000034,Kirklees,Local Authority,age_group,25 to 44,117525
E08000034,Kirklees,Local Authority,age_group,45 to 64,112433
E08000034,Kirklees,Local Authority,age_group,65 and above,80976
E08000034,Kirklees,Local Authority,age_group,65 to 74,41680
E08000034,Kirklees,Local Authority,age_group,75 to 84,29098
E08000034,Kirklees,Local Authority,age_group,85 and above,10198
E08000034,Kirklees,Local Authority,age_group,All,348025
E08000034,Kirklees,Local Authority,ethnicity,All,335191
E08000034,Kirklees,Local Authority,ethnicity,Asian or Asian British,57115
E08000034,Kirklees,Local Authority,ethnicity,"Black, Black British, Caribbean or African",7701
E08000034,Kirklees,Local Authority,ethnicity,Mixed or multiple ethnic groups,6230
E08000034,Kirklees,Local Authority,ethnicity,Other ethnic group,4378
E08000034,Kirklees,Local Authority,ethnicity,White,259767
E08000034,Kirklees,Local Authority,gender,All,348025
E08000034,Kirklees,Local Authority,gender,Female,178995
E08000034,Kirklees,Local Authority,gender,Male,169030
E08000035,Leeds,Local Authority,age_group,18 to 24,105568
E08000035,Leeds,Local Authority,age_group,18 to 64,537105
E08000035,Leeds,Local Authority,age_group,25 to 44,242722
E08000035,Leeds,Local Authority,age_group,45 to 64,188815
E08000035,Leeds,Local Authority,age_group,65 and above,131845
E08000035,Leeds,Local Authority,age_group,65 to 74,66726
E08000035,Leeds,Local Authority,age_group,75 to 84,47096
E08000035,Leeds,Local Authority,age_group,85 and above,18023
E08000035,Leeds,Local Authority,age_group,All,668950
E08000035,Leeds,Local Authority,ethnicity,All,641318
E08000035,Leeds,Local Authority,ethnicity,Asian or Asian British,56860
E08000035,Leeds,Local Authority,ethnicity,"Black, Black British, Caribbean or African",30691
E08000035,Leeds,Local Authority,ethnicity,Mixed or multiple ethnic groups,14307
E08000035,Leeds,Local Authority,ethnicity,Other ethnic group,13486
E08000035,Leeds,Local Authority,ethnicity,White,525974
E08000035,Leeds,Local Authority,gender,All,668950
E08000035,Leeds,Local Authority,gender,Female,347461
E08000035,Leeds,Local Authority,gender,Male,321489
E08000036,Wakefield,Local Authority,age_group,18 to 24,24076
E08000036,Wakefield,Local Authority,age_group,18 to 64,219964
E08000036,Wakefield,Local Authority,age_group,25 to 44,101315
E08000036,Wakefield,Local Authority,age_group,45 to 64,94573
E08000036,Wakefield,Local Authority,age_group,65 and above,70221
E08000036,Wakefield,Local Authority,age_group,65 to 74,36461
E08000036,Wakefield,Local Authority,age_group,75 to 84,25434
E08000036,Wakefield,Local Authority,age_group,85 and above,8326
E08000036,Wakefield,Local Authority,age_group,All,290185
E08000036,Wakefield,Local Authority,ethnicity,All,279744
E08000036,Wakefield,Local Authority,ethnicity,Asian or Asian British,8620
E08000036,Wakefield,Local Authority,ethnicity,"Black, Black British, Caribbean or African",2935
E08000036,Wakefield,Local Authority,ethnicity,Mixed or multiple ethnic groups,2231
E08000036,Wakefield,Local Authority,ethnicity,Other ethnic group,1843
E08000036,Wakefield,Local Authority,ethnicity,White,264115
E08000036,Wakefield,Local Authority,gender,All,290185
E08000036,Wakefield,Local Authority,gender,Female,148607
E08000036,Wakefield,Local Authority,gender,Male,141578
E08000037,Gateshead,Local Authority,age_group,18 to 24,15174
E08000037,Gateshead,Local Authority,age_group,18 to 64,121025
E08000037,Gateshead,Local Authority,age_group,25 to 44,54667
E08000037,Gateshead,Local Authority,age_group,45 to 64,51184
E08000037,Gateshead,Local Authority,age_group,65 and above,41321
E08000037,Gateshead,Local Authority,age_group,65 to 74,21131
E08000037,Gateshead,Local Authority,age_group,75 to 84,14555
E08000037,Gateshead,Local Authority,age_group,85 and above,5635
E08000037,Gateshead,Local Authority,age_group,All,162346
E08000037,Gateshead,Local Authority,ethnicity,All,157626
E08000037,Gateshead,Local Authority,ethnicity,Asian or Asian British,3651
E08000037,Gateshead,Local Authority,ethnicity,"Black, Black British, Caribbean or African",1449
E08000037,Gateshead,Local Authority,ethnicity,Mixed or multiple ethnic groups,1209
E08000037,Gateshead,Local Authority,ethnicity,Other ethnic group,2018
E08000037,Gateshead,Local Authority,ethnicity,White,149299
E08000037,Gateshead,Local Authority,gender,All,162346
E08000037,Gateshead,Local Authority,gender,Female,82445
E08000037,Gateshead,Local Authority,gender,Male,79901
E09000001,City of London,Local Authority,age_group,18 to 24,2363
E09000001,City of London,Local Authority,age_group,18 to 64,12865
E09000001,City of London,Local Authority,age_group,25 to 44,7761
E09000001,City of London,Local Authority,age_group,45 to 64,2741
E09000001,City of London,Local Authority,age_group,65 and above,1399
E09000001,City of London,Local Authority,age_group,65 to 74,786
E09000001,City of London,Local Authority,age_group,75 to 84,469
E09000001,City of London,Local Authority,age_group,85 and above,144
E09000001,City of London,Local Authority,age_group,All,14264
E09000001,City of London,Local Authority,ethnicity,All,7933
E09000001,City of London,Local Authority,ethnicity,Asian or Asian British,1339
E09000001,City of London,Local Authority,ethnicity,"Black, Black British, Caribbean or African",198
E09000001,City of London,Local Authority,ethnicity,Mixed or multiple ethnic groups,348
E09000001,City of London,Local Authority,ethnicity,Other ethnic group,434
E09000001,City of London,Local Authority,ethnicity,White,5614
E09000001,City of London,Local Authority,gender,All,14264
E09000001,City of London,Local Authority,gender,Female,6512
E09000001,City of London,Local Authority,gender,Male,7752
E09000002,Barking and Dagenham,Local Authority,age_group,18 to 24,21395
E09000002,Barking and Dagenham,Local Authority,age_group,18 to 64,146270
E09000002,Barking and Dagenham,Local Authority,age_group,25 to 44,73939
E09000002,Barking and Dagenham,Local Authority,age_group,45 to 64,50936
E09000002,Barking and Dagenham,Local Authority,age_group,65 and above,20012
E09000002,Barking and Dagenham,Local Authority,age_group,65 to 74,11447
E09000002,Barking and Dagenham,Local Authority,age_group,75 to 84,6110
E09000002,Barking and Dagenham,Local Authority,age_group,85 and above,2455
E09000002,Barking and Dagenham,Local Authority,age_group,All,166282
E09000002,Barking and Dagenham,Local Authority,ethnicity,All,155361
E09000002,Barking and Dagenham,Local Authority,ethnicity,Asian or Asian British,37616
E09000002,Barking and Dagenham,Local Authority,ethnicity,"Black, Black British, Caribbean or African",30733
E09000002,Barking and Dagenham,Local Authority,ethnicity,Mixed or multiple ethnic groups,3861
E09000002,Barking and Dagenham,Local Authority,ethnicity,Other ethnic group,5512
E09000002,Barking and Dagenham,Local Authority,ethnicity,White,77639
E09000002,Barking and Dagenham,Local Authority,gender,All,166282
E09000002,Barking and Dagenham,Local Authority,gender,Female,86217
E09000002,Barking and Dagenham,Local Authority,gender,Male,80065
E09000003,Barnet,Local Authority,age_group,18 to 24,31091
E09000003,Barnet,Local Authority,age_group,18 to 64,250541
E09000003,Barnet,Local Authority,age_group,25 to 44,120014
E09000003,Barnet,Local Authority,age_group,45 to 64,99436
E09000003,Barnet,Local Authority,age_group,65 and above,60658
E09000003,Barnet,Local Authority,age_group,65 to 74,30786
E09000003,Barnet,Local Authority,age_group,75 to 84,20621
E09000003,Barnet,Local Authority,age_group,85 and above,9251
E09000003,Barnet,Local Authority,age_group,All,311199
E09000003,Barnet,Local Authority,ethnicity,All,299956
E09000003,Barnet,Local Authority,ethnicity,Asian or Asian British,59640
E09000003,Barnet,Local Authority,ethnicity,"Black, Black British, Caribbean or African",22500
E09000003,Barnet,Local Authority,ethnicity,Mixed or multiple ethnic groups,11062
E09000003,Barnet,Local Authority,ethnicity,Other ethnic group,28482
E09000003,Barnet,Local Authority,ethnicity,White,178272
E09000003,Barnet,Local Authority,gender,All,311199
E09000003,Barnet,Local Authority,gender,Female,163059
E09000003,Barnet,Local Authority,gender,Male,148140
E09000004,Bexley,Local Authority,age_group,18 to 24,19455
E09000004,Bexley,Local Authority,age_group,18 to 64,155259
E09000004,Bexley,Local Authority,age_group,25 to 44,71558
E09000004,Bexley,Local Authority,age_group,45 to 64,64246
E09000004,Bexley,Local Authority,age_group,65 and above,42451
E09000004,Bexley,Local Authority,age_group,65 to 74,21036
E09000004,Bexley,Local Authority,age_group,75 to 84,15049
E09000004,Bexley,Local Authority,age_group,85 and above,6366
E09000004,Bexley,Local Authority,age_group,All,197710
E09000004,Bexley,Local Authority,ethnicity,All,189768
E09000004,Bexley,Local Authority,ethnicity,Asian or Asian British,18040
E09000004,Bexley,Local Authority,ethnicity,"Black, Black British, Caribbean or African",20292
E09000004,Bexley,Local Authority,ethnicity,Mixed or multiple ethnic groups,3984
E09000004,Bexley,Local Authority,ethnicity,Other ethnic group,4609
E09000004,Bexley,Local Authority,ethnicity,White,142843
E09000004,Bexley,Local Authority,gender,All,197710
E09000004,Bexley,Local Authority,gender,Female,103986
E09000004,Bexley,Local Authority,gender,Male,93724
E09000005,Brent,Local Authority,age_group,18 to 24,38415
E09000005,Brent,Local Authority,age_group,18 to 64,235028
E09000005,Brent,Local Authority,age_group,25 to 44,114307
E09000005,Brent,Local Authority,age_group,45 to 64,82306
E09000005,Brent,Local Authority,age_group,65 and above,42947
E09000005,Brent,Local Authority,age_group,65 to 74,24288
E09000005,Brent,Local Authority,age_group,75 to 84,12903
E09000005,Brent,Local Authority,age_group,85 and above,5756
E09000005,Brent,Local Authority,age_group,All,277975
E09000005,Brent,Local Authority,ethnicity,All,266761
E09000005,Brent,Local Authority,ethnicity,Asian or Asian British,88973
E09000005,Brent,Local Authority,ethnicity,"Black, Black British, Caribbean or African",44479
E09000005,Brent,Local Authority,ethnicity,Mixed or multiple ethnic groups,10447
E09000005,Brent,Local Authority,ethnicity,Other ethnic group,24580
E09000005,Brent,Local Authority,ethnicity,White,98282
E09000005,Brent,Local Authority,gender,All,277975
E09000005,Brent,Local Authority,gender,Female,143981
E09000005,Brent,Local Authority,gender,Male,133994
E09000006,Bromley,Local Authority,age_group,18 to 24,20337
E09000006,Bromley,Local Authority,age_group,18 to 64,201878
E09000006,Bromley,Local Authority,age_group,25 to 44,91152
E09000006,Bromley,Local Authority,age_group,45 to 64,90389
E09000006,Bromley,Local Authority,age_group,65 and above,59984
E09000006,Bromley,Local Authority,age_group,65 to 74,28586
E09000006,Bromley,Local Authority,age_group,75 to 84,22146
E09000006,Bromley,Local Authority,age_group,85 and above,9252
E09000006,Bromley,Local Authority,age_group,All,261862
E09000006,Bromley,Local Authority,ethnicity,All,257352
E09000006,Bromley,Local Authority,ethnicity,Asian or Asian British,20520
E09000006,Bromley,Local Authority,ethnicity,"Black, Black British, Caribbean or African",18119
E09000006,Bromley,Local Authority,ethnicity,Mixed or multiple ethnic groups,8687
E09000006,Bromley,Local Authority,ethnicity,Other ethnic group,6006
E09000006,Bromley,Local Authority,ethnicity,White,204020
E09000006,Bromley,Local Authority,gender,All,261862
E09000006,Bromley,Local Authority,gender,Female,138709
E09000006,Bromley,Local Authority,gender,Male,123153
E09000007,Camden,Local Authority,age_group,18 to 24,34082
E09000007,Camden,Local Authority,age_group,18 to 64,155355
E09000007,Camden,Local Authority,age_group,25 to 44,72669
E09000007,Camden,Local Authority,age_group,45 to 64,48604
E09000007,Camden,Local Authority,age_group,65 and above,26312
E09000007,Camden,Local Authority,age_group,65 to 74,14003
E09000007,Camden,Local Authority,age_group,75 to 84,9054
E09000007,Camden,Local Authority,age_group,85 and above,3255
E09000007,Camden,Local Authority,age_group,All,181667
E09000007,Camden,Local Authority,ethnicity,All,173625
E09000007,Camden,Local Authority,ethnicity,Asian or Asian British,30763
E09000007,Camden,Local Authority,ethnicity,"Black, Black British, Caribbean or African",14137
E09000007,Camden,Local Authority,ethnicity,Mixed or multiple ethnic groups,8965
E09000007,Camden,Local Authority,ethnicity,Other ethnic group,11552
E09000007,Camden,Local Authority,ethnicity,White,108208
E09000007,Camden,Local Authority,gender,All,181667
E09000007,Camden,Local Authority,gender,Female,98559
E09000007,Camden,Local Authority,gender,Male,83108
E09000008,Croydon,Local Authority,age_group,18 to 24,30626
E09000008,Croydon,Local Authority,age_group,18 to 64,258663
E09000008,Croydon,Local Authority,age_group,25 to 44,126599
E09000008,Croydon,Local Authority,age_group,45 to 64,101438
E09000008,Croydon,Local Authority,age_group,65 and above,56734
E09000008,Croydon,Local Authority,age_group,65 to 74,30108
E09000008,Croydon,Local Authority,age_group,75 to 84,18863
E09000008,Croydon,Local Authority,age_group,85 and above,7763
E09000008,Croydon,Local Authority,age_group,All,315397
E09000008,Croydon,Local Authority,ethnicity,All,300478
E09000008,Croydon,Local Authority,ethnicity,Asian or Asian British,51792
E09000008,Croydon,Local Authority,ethnicity,"Black, Black British, Caribbean or African",64566
E09000008,Croydon,Local Authority,ethnicity,Mixed or multiple ethnic groups,15433
E09000008,Croydon,Local Authority,ethnicity,Other ethnic group,11807
E09000008,Croydon,Local Authority,ethnicity,White,156880
E09000008,Croydon,Local Authority,gender,All,315397
E09000008,Croydon,Local Authority,gender,Female,165721
E09000008,Croydon,Local Authority,gender,Male,149676
E09000009,Ealing,Local Authority,age_group,18 to 24,37311
E09000009,Ealing,Local Authority,age_group,18 to 64,254980
E09000009,Ealing,Local Authority,age_group,25 to 44,124073
E09000009,Ealing,Local Authority,age_group,45 to 64,93596
E09000009,Ealing,Local Authority,age_group,65 and above,48645
E09000009,Ealing,Local Authority,age_group,65 to 74,26972
E09000009,Ealing,Local Authority,age_group,75 to 84,15582
E09000009,Ealing,Local Authority,age_group,85 and above,6091
E09000009,Ealing,Local Authority,age_group,All,303625
E09000009,Ealing,Local Authority,ethnicity,All,286656
E09000009,Ealing,Local Authority,ethnicity,Asian or Asian British,86538
E09000009,Ealing,Local Authority,ethnicity,"Black, Black British, Caribbean or African",29070
E09000009,Ealing,Local Authority,ethnicity,Mixed or multiple ethnic groups,10277
E09000009,Ealing,Local Authority,ethnicity,Other ethnic group,28862
E09000009,Ealing,Local Authority,ethnicity,White,131909
E09000009,Ealing,Local Authority,gender,All,303625
E09000009,Ealing,Local Authority,gender,Female,155356
E09000009,Ealing,Local Authority,gender,Male,148269
E09000010,Enfield,Local Authority,age_group,18 to 24,26981
E09000010,Enfield,Local Authority,age_group,18 to 64,199066
E09000010,Enfield,Local Authority,age_group,25 to 44,88367
E09000010,Enfield,Local Authority,age_group,45 to 64,83718
E09000010,Enfield,Local Authority,age_group,65 and above,48037
E09000010,Enfield,Local Authority,age_group,65 to 74,25076
E09000010,Enfield,Local Authority,age_group,75 to 84,15836
E09000010,Enfield,Local Authority,age_group,85 and above,7125
E09000010,Enfield,Local Authority,age_group,All,247103
E09000010,Enfield,Local Authority,ethnicity,All,247830
E09000010,Enfield,Local Authority,ethnicity,Asian or Asian British,29185
E09000010,Enfield,Local Authority,ethnicity,"Black, Black British, Caribbean or African",41345
E09000010,Enfield,Local Authority,ethnicity,Mixed or multiple ethnic groups,9722
E09000010,Enfield,Local Authority,ethnicity,Other ethnic group,29848
E09000010,Enfield,Local Authority,ethnicity,White,137730
E09000010,Enfield,Local Authority,gender,All,247103
E09000010,Enfield,Local Authority,gender,Female,131859
E09000010,Enfield,Local Authority,gender,Male,115244
E09000011,Greenwich,Local Authority,age_group,18 to 24,26321
E09000011,Greenwich,Local Authority,age_group,18 to 64,201969
E09000011,Greenwich,Local Authority,age_group,25 to 44,106341
E09000011,Greenwich,Local Authority,age_group,45 to 64,69307
E09000011,Greenwich,Local Authority,age_group,65 and above,32234
E09000011,Greenwich,Local Authority,age_group,65 to 74,17993
E09000011,Greenwich,Local Authority,age_group,75 to 84,10563
E09000011,Greenwich,Local Authority,age_group,85 and above,3678
E09000011,Greenwich,Local Authority,age_group,All,234203
E09000011,Greenwich,Local Authority,ethnicity,All,223230
E09000011,Greenwich,Local Authority,ethnicity,Asian or Asian British,30285
E09000011,Greenwich,Local Authority,ethnicity,"Black, Black British, Caribbean or African",41612
E09000011,Greenwich,Local Authority,ethnicity,Mixed or multiple ethnic groups,8968
E09000011,Greenwich,Local Authority,ethnicity,Other ethnic group,9607
E09000011,Greenwich,Local Authority,ethnicity,White,132758
E09000011,Greenwich,Local Authority,gender,All,234203
E09000011,Greenwich,Local Authority,gender,Female,121363
E09000011,Greenwich,Local Authority,gender,Male,112840
E09000012,Hackney,Local Authority,age_group,18 to 24,25784
E09000012,Hackney,Local Authority,age_group,18 to 64,189967
E09000012,Hackney,Local Authority,age_group,25 to 44,109699
E09000012,Hackney,Local Authority,age_group,45 to 64,54484
E09000012,Hackney,Local Authority,age_group,65 and above,22600
E09000012,Hackney,Local Authority,age_group,65 to 74,13867
E09000012,Hackney,Local Authority,age_group,75 to 84,6526
E09000012,Hackney,Local Authority,age_group,85 and above,2207
E09000012,Hackney,Local Authority,age_group,All,212567
E09000012,Hackney,Local Authority,ethnicity,All,203487
E09000012,Hackney,Local Authority,ethnicity,Asian or Asian British,21080
E09000012,Hackney,Local Authority,ethnicity,"Black, Black British, Caribbean or African",40572
E09000012,Hackney,Local Authority,ethnicity,Mixed or multiple ethnic groups,11403
E09000012,Hackney,Local Authority,ethnicity,Other ethnic group,16704
E09000012,Hackney,Local Authority,ethnicity,White,113728
E09000012,Hackney,Local Authority,gender,All,212567
E09000012,Hackney,Local Authority,gender,Female,113066
E09000012,Hackney,Local Authority,gender,Male,99501
E09000013,Hammersmith and Fulham,Local Authority,age_group,18 to 24,21663
E09000013,Hammersmith and Fulham,Local Authority,age_group,18 to 64,136233
E09000013,Hammersmith and Fulham,Local Authority,age_group,25 to 44,71480
E09000013,Hammersmith and Fulham,Local Authority,age_group,45 to 64,43090
E09000013,Hammersmith and Fulham,Local Authority,age_group,65 and above,20499
E09000013,Hammersmith and Fulham,Local Authority,age_group,65 to 74,11321
E09000013,Hammersmith and Fulham,Local Authority,age_group,75 to 84,6821
E09000013,Hammersmith and Fulham,Local Authority,age_group,85 and above,2357
E09000013,Hammersmith and Fulham,Local Authority,age_group,All,156732
E09000013,Hammersmith and Fulham,Local Authority,ethnicity,All,151315
E09000013,Hammersmith and Fulham,Local Authority,ethnicity,Asian or Asian British,16623
E09000013,Hammersmith and Fulham,Local Authority,ethnicity,"Black, Black British, Caribbean or African",17017
E09000013,Hammersmith and Fulham,Local Authority,ethnicity,Mixed or multiple ethnic groups,7558
E09000013,Hammersmith and Fulham,Local Authority,ethnicity,Other ethnic group,10651
E09000013,Hammersmith and Fulham,Local Authority,ethnicity,White,99466
E09000013,Hammersmith and Fulham,Local Authority,gender,All,156732
E09000013,Hammersmith and Fulham,Local Authority,gender,Female,85520
E09000013,Hammersmith and Fulham,Local Authority,gender,Male,71212
E09000014,Haringey,Local Authority,age_group,18 to 24,22560
E09000014,Haringey,Local Authority,age_group,18 to 64,180451
E09000014,Haringey,Local Authority,age_group,25 to 44,91784
E09000014,Haringey,Local Authority,age_group,45 to 64,66107
E09000014,Haringey,Local Authority,age_group,65 and above,29751
E09000014,Haringey,Local Authority,age_group,65 to 74,17039
E09000014,Haringey,Local Authority,age_group,75 to 84,9270
E09000014,Haringey,Local Authority,age_group,85 and above,3442
E09000014,Haringey,Local Authority,age_group,All,210202
E09000014,Haringey,Local Authority,ethnicity,All,209814
E09000014,Haringey,Local Authority,ethnicity,Asian or Asian British,18924
E09000014,Haringey,Local Authority,ethnicity,"Black, Black British, Caribbean or African",35555
E09000014,Haringey,Local Authority,ethnicity,Mixed or multiple ethnic groups,11385
E09000014,Haringey,Local Authority,ethnicity,Other ethnic group,20218
E09000014,Haringey,Local Authority,ethnicity,White,123732
E09000014,Haringey,Local Authority,gender,All,210202
E09000014,Haringey,Local Authority,gender,Female,111419
E09000014,Haringey,Local Authority,gender,Male,98783
E09000015,Harrow,Local Authority,age_group,18 to 24,21549
E09000015,Harrow,Local Authority,age_group,18 to 64,167685
E09000015,Harrow,Local Authority,age_group,25 to 44,82766
E09000015,Harrow,Local Authority,age_group,45 to 64,63370
E09000015,Harrow,Local Authority,age_group,65 and above,42587
E09000015,Harrow,Local Authority,age_group,65 to 74,22441
E09000015,Harrow,Local Authority,age_group,75 to 84,14004
E09000015,Harrow,Local Authority,age_group,85 and above,6142
E09000015,Harrow,Local Authority,age_group,All,210272
E09000015,Harrow,Local Authority,ethnicity,All,202839
E09000015,Harrow,Local Authority,ethnicity,Asian or Asian British,90848
E09000015,Harrow,Local Authority,ethnicity,"Black, Black British, Caribbean or African",14442
E09000015,Harrow,Local Authority,ethnicity,Mixed or multiple ethnic groups,5121
E09000015,Harrow,Local Authority,ethnicity,Other ethnic group,13632
E09000015,Harrow,Local Authority,ethnicity,White,78796
E09000015,Harrow,Local Authority,gender,All,210272
E09000015,Harrow,Local Authority,gender,Female,107329
E09000015,Harrow,Local Authority,gender,Male,102943
E09000016,Havering,Local Authority,age_group,18 to 24,19887
E09000016,Havering,Local Authority,age_group,18 to 64,164788
E09000016,Havering,Local Authority,age_group,25 to 44,79247
E09000016,Havering,Local Authority,age_group,45 to 64,65654
E09000016,Havering,Local Authority,age_group,65 and above,47709
E09000016,Havering,Local Authority,age_group,65 to 74,23452
E09000016,Havering,Local Authority,age_group,75 to 84,16978
E09000016,Havering,Local Authority,age_group,85 and above,7279
E09000016,Havering,Local Authority,age_group,All,212497
E09000016,Havering,Local Authority,ethnicity,All,203504
E09000016,Havering,Local Authority,ethnicity,Asian or Asian British,20424
E09000016,Havering,Local Authority,ethnicity,"Black, Black British, Caribbean or African",14960
E09000016,Havering,Local Authority,ethnicity,Mixed or multiple ethnic groups,4417
E09000016,Havering,Local Authority,ethnicity,Other ethnic group,3935
E09000016,Havering,Local Authority,ethnicity,White,159768
E09000016,Havering,Local Authority,gender,All,212497
E09000016,Havering,Local Authority,gender,Female,111194
E09000016,Havering,Local Authority,gender,Male,101303
E09000017,Hillingdon,Local Authority,age_group,18 to 24,31360
E09000017,Hillingdon,Local Authority,age_group,18 to 64,210463
E09000017,Hillingdon,Local Authority,age_group,25 to 44,102666
E09000017,Hillingdon,Local Authority,age_group,45 to 64,76437
E09000017,Hillingdon,Local Authority,age_group,65 and above,43198
E09000017,Hillingdon,Local Authority,age_group,65 to 74,22586
E09000017,Hillingdon,Local Authority,age_group,75 to 84,14436
E09000017,Hillingdon,Local Authority,age_group,85 and above,6176
E09000017,Hillingdon,Local Authority,age_group,All,253661
E09000017,Hillingdon,Local Authority,ethnicity,All,234536
E09000017,Hillingdon,Local Authority,ethnicity,Asian or Asian British,75533
E09000017,Hillingdon,Local Authority,ethnicity,"Black, Black British, Caribbean or African",16704
E09000017,Hillingdon,Local Authority,ethnicity,Mixed or multiple ethnic groups,6739
E09000017,Hillingdon,Local Authority,ethnicity,Other ethnic group,14093
E09000017,Hillingdon,Local Authority,ethnicity,White,121467
E09000017,Hillingdon,Local Authority,gender,All,253661
E09000017,Hillingdon,Local Authority,gender,Female,127985
E09000017,Hillingdon,Local Authority,gender,Male,125676
E09000018,Hounslow,Local Authority,age_group,18 to 24,25220
E09000018,Hounslow,Local Authority,age_group,18 to 64,195246
E09000018,Hounslow,Local Authority,age_group,25 to 44,96456
E09000018,Hounslow,Local Authority,age_group,45 to 64,73570
E09000018,Hounslow,Local Authority,age_group,65 and above,36624
E09000018,Hounslow,Local Authority,age_group,65 to 74,20411
E09000018,Hounslow,Local Authority,age_group,75 to 84,11760
E09000018,Hounslow,Local Authority,age_group,85 and above,4453
E09000018,Hounslow,Local Authority,age_group,All,231870
E09000018,Hounslow,Local Authority,ethnicity,All,221852
E09000018,Hounslow,Local Authority,ethnicity,Asian or Asian British,81079
E09000018,Hounslow,Local Authority,ethnicity,"Black, Black British, Caribbean or African",14274
E09000018,Hounslow,Local Authority,ethnicity,Mixed or multiple ethnic groups,6996
E09000018,Hounslow,Local Authority,ethnicity,Other ethnic group,15937
E09000018,Hounslow,Local Authority,ethnicity,White,103566
E09000018,Hounslow,Local Authority,gender,All,231870
E09000018,Hounslow,Local Authority,gender,Female,117275
E09000018,Hounslow,Local Authority,gender,Male,114595
E09000019,Islington,Local Authority,age_group,18 to 24,27914
E09000019,Islington,Local Authority,age_group,18 to 64,165770
E09000019,Islington,Local Authority,age_group,25 to 44,91582
E09000019,Islington,Local Authority,age_group,45 to 64,46274
E09000019,Islington,Local Authority,age_group,65 and above,21630
E09000019,Islington,Local Authority,age_group,65 to 74,12397
E09000019,Islington,Local Authority,age_group,75 to 84,6883
E09000019,Islington,Local Authority,age_group,85 and above,2350
E09000019,Islington,Local Authority,age_group,All,187400
E09000019,Islington,Local Authority,ethnicity,All,180062
E09000019,Islington,Local Authority,ethnicity,Asian or Asian British,18253
E09000019,Islington,Local Authority,ethnicity,"Black, Black British, Caribbean or African",21115
E09000019,Islington,Local Authority,ethnicity,Mixed or multiple ethnic groups,10305
E09000019,Islington,Local Authority,ethnicity,Other ethnic group,12296
E09000019,Islington,Local Authority,ethnicity,White,118093
E09000019,Islington,Local Authority,gender,All,187400
E09000019,Islington,Local Authority,gender,Female,100255
E09000019,Islington,Local Authority,gender,Male,87145
E09000020,Kensington and Chelsea,Local Authority,age_group,18 to 24,14599
E09000020,Kensington and Chelsea,Local Authority,age_group,18 to 64,99649
E09000020,Kensington and Chelsea,Local Authority,age_group,25 to 44,46065
E09000020,Kensington and Chelsea,Local Authority,age_group,45 to 64,38985
E09000020,Kensington and Chelsea,Local Authority,age_group,65 and above,22314
E09000020,Kensington and Chelsea,Local Authority,age_group,65 to 74,11859
E09000020,Kensington and Chelsea,Local Authority,age_group,75 to 84,7717
E09000020,Kensington and Chelsea,Local Authority,age_group,85 and above,2738
E09000020,Kensington and Chelsea,Local Authority,age_group,All,121963
E09000020,Kensington and Chelsea,Local Authority,ethnicity,All,120385
E09000020,Kensington and Chelsea,Local Authority,ethnicity,Asian or Asian British,14859
E09000020,Kensington and Chelsea,Local Authority,ethnicity,"Black, Black British, Caribbean or African",8995
E09000020,Kensington and Chelsea,Local Authority,ethnicity,Mixed or multiple ethnic groups,6261
E09000020,Kensington and Chelsea,Local Authority,ethnicity,Other ethnic group,11764
E09000020,Kensington and Chelsea,Local Authority,ethnicity,White,78506
E09000020,Kensington and Chelsea,Local Authority,gender,All,121963
E09000020,Kensington and Chelsea,Local Authority,gender,Female,66356
E09000020,Kensington and Chelsea,Local Authority,gender,Male,55607
E09000021,Kingston upon Thames,Local Authority,age_group,18 to 24,15817
E09000021,Kingston upon Thames,Local Authority,age_group,18 to 64,109645
E09000021,Kingston upon Thames,Local Authority,age_group,25 to 44,49689
E09000021,Kingston upon Thames,Local Authority,age_group,45 to 64,44139
E09000021,Kingston upon Thames,Local Authority,age_group,65 and above,25926
E09000021,Kingston upon Thames,Local Authority,age_group,65 to 74,13176
E09000021,Kingston upon Thames,Local Authority,age_group,75 to 84,9110
E09000021,Kingston upon Thames,Local Authority,age_group,85 and above,3640
E09000021,Kingston upon Thames,Local Authority,age_group,All,135571
E09000021,Kingston upon Thames,Local Authority,ethnicity,All,131544
E09000021,Kingston upon Thames,Local Authority,ethnicity,Asian or Asian British,23142
E09000021,Kingston upon Thames,Local Authority,ethnicity,"Black, Black British, Caribbean or African",3722
E09000021,Kingston upon Thames,Local Authority,ethnicity,Mixed or multiple ethnic groups,4410
E09000021,Kingston upon Thames,Local Authority,ethnicity,Other ethnic group,7367
E09000021,Kingston upon Thames,Local Authority,ethnicity,White,92903
E09000021,Kingston upon Thames,Local Authority,gender,All,135571
E09000021,Kingston upon Thames,Local Authority,gender,Female,71717
E09000021,Kingston upon Thames,Local Authority,gender,Male,63854
E09000022,Lambeth,Local Authority,age_group,18 to 24,32495
E09000022,Lambeth,Local Authority,age_group,18 to 64,235452
E09000022,Lambeth,Local Authority,age_group,25 to 44,131336
E09000022,Lambeth,Local Authority,age_group,45 to 64,71621
E09000022,Lambeth,Local Authority,age_group,65 and above,30014
E09000022,Lambeth,Local Authority,age_group,65 to 74,17855
E09000022,Lambeth,Local Authority,age_group,75 to 84,8803
E09000022,Lambeth,Local Authority,age_group,85 and above,3356
E09000022,Lambeth,Local Authority,age_group,All,265466
E09000022,Lambeth,Local Authority,ethnicity,All,262935
E09000022,Lambeth,Local Authority,ethnicity,Asian or Asian British,19745
E09000022,Lambeth,Local Authority,ethnicity,"Black, Black British, Caribbean or African",56926
E09000022,Lambeth,Local Authority,ethnicity,Mixed or multiple ethnic groups,16714
E09000022,Lambeth,Local Authority,ethnicity,Other ethnic group,14782
E09000022,Lambeth,Local Authority,ethnicity,White,154768
E09000022,Lambeth,Local Authority,gender,All,265466
E09000022,Lambeth,Local Authority,gender,Female,138644
E09000022,Lambeth,Local Authority,gender,Male,126822
E09000023,Lewisham,Local Authority,age_group,18 to 24,25401
E09000023,Lewisham,Local Authority,age_group,18 to 64,208096
E09000023,Lewisham,Local Authority,age_group,25 to 44,109079
E09000023,Lewisham,Local Authority,age_group,45 to 64,73616
E09000023,Lewisham,Local Authority,age_group,65 and above,31107
E09000023,Lewisham,Local Authority,age_group,65 to 74,17897
E09000023,Lewisham,Local Authority,age_group,75 to 84,9237
E09000023,Lewisham,Local Authority,age_group,85 and above,3973
E09000023,Lewisham,Local Authority,age_group,All,239203
E09000023,Lewisham,Local Authority,ethnicity,All,235813
E09000023,Lewisham,Local Authority,ethnicity,Asian or Asian British,21227
E09000023,Lewisham,Local Authority,ethnicity,"Black, Black British, Caribbean or African",59714
E09000023,Lewisham,Local Authority,ethnicity,Mixed or multiple ethnic groups,13443
E09000023,Lewisham,Local Authority,ethnicity,Other ethnic group,11277
E09000023,Lewisham,Local Authority,ethnicity,White,130152
E09000023,Lewisham,Local Authority,gender,All,239203
E09000023,Lewisham,Local Authority,gender,Female,128369
E09000023,Lewisham,Local Authority,gender,Male,110834
E09000024,Merton,Local Authority,age_group,18 to 24,15421
E09000024,Merton,Local Authority,age_group,18 to 64,142450
E09000024,Merton,Local Authority,age_group,25 to 44,72166
E09000024,Merton,Local Authority,age_group,45 to 64,54863
E09000024,Merton,Local Authority,age_group,65 and above,28890
E09000024,Merton,Local Authority,age_group,65 to 74,15630
E09000024,Merton,Local Authority,age_group,75 to 84,9378
E09000024,Merton,Local Authority,age_group,85 and above,3882
E09000024,Merton,Local Authority,age_group,All,171340
E09000024,Merton,Local Authority,ethnicity,All,168039
E09000024,Merton,Local Authority,ethnicity,Asian or Asian British,30433
E09000024,Merton,Local Authority,ethnicity,"Black, Black British, Caribbean or African",17603
E09000024,Merton,Local Authority,ethnicity,Mixed or multiple ethnic groups,6675
E09000024,Merton,Local Authority,ethnicity,Other ethnic group,7760
E09000024,Merton,Local Authority,ethnicity,White,105568
E09000024,Merton,Local Authority,gender,All,171340
E09000024,Merton,Local Authority,gender,Female,89658
E09000024,Merton,Local Authority,gender,Male,81682
E09000025,Newham,Local Authority,age_group,18 to 24,45443
E09000025,Newham,Local Authority,age_group,18 to 64,261907
E09000025,Newham,Local Authority,age_group,25 to 44,142173
E09000025,Newham,Local Authority,age_group,45 to 64,74291
E09000025,Newham,Local Authority,age_group,65 and above,28208
E09000025,Newham,Local Authority,age_group,65 to 74,17650
E09000025,Newham,Local Authority,age_group,75 to 84,7630
E09000025,Newham,Local Authority,age_group,85 and above,2928
E09000025,Newham,Local Authority,age_group,All,290115
E09000025,Newham,Local Authority,ethnicity,All,267302
E09000025,Newham,Local Authority,ethnicity,Asian or Asian British,107071
E09000025,Newham,Local Authority,ethnicity,"Black, Black British, Caribbean or African",45223
E09000025,Newham,Local Authority,ethnicity,Mixed or multiple ethnic groups,9296
E09000025,Newham,Local Authority,ethnicity,Other ethnic group,13306
E09000025,Newham,Local Authority,ethnicity,White,92406
E09000025,Newham,Local Authority,gender,All,290115
E09000025,Newham,Local Authority,gender,Female,143673
E09000025,Newham,Local Authority,gender,Male,146442
E09000026,Redbridge,Local Authority,age_group,18 to 24,29129
E09000026,Redbridge,Local Authority,age_group,18 to 64,202696
E09000026,Redbridge,Local Authority,age_group,25 to 44,99946
E09000026,Redbridge,Local Authority,age_group,45 to 64,73621
E09000026,Redbridge,Local Authority,age_group,65 and above,40364
E09000026,Redbridge,Local Authority,age_group,65 to 74,21874
E09000026,Redbridge,Local Authority,age_group,75 to 84,12964
E09000026,Redbridge,Local Authority,age_group,85 and above,5526
E09000026,Redbridge,Local Authority,age_group,All,243060
E09000026,Redbridge,Local Authority,ethnicity,All,233666
E09000026,Redbridge,Local Authority,ethnicity,Asian or Asian British,104934
E09000026,Redbridge,Local Authority,ethnicity,"Black, Black British, Caribbean or African",19444
E09000026,Redbridge,Local Authority,ethnicity,Mixed or multiple ethnic groups,6231
E09000026,Redbridge,Local Authority,ethnicity,Other ethnic group,12656
E09000026,Redbridge,Local Authority,ethnicity,White,90401
E09000026,Redbridge,Local Authority,gender,All,243060
E09000026,Redbridge,Local Authority,gender,Female,122557
E09000026,Redbridge,Local Authority,gender,Male,120503
E09000027,Richmond upon Thames,Local Authority,age_group,18 to 24,12000
E09000027,Richmond upon Thames,Local Authority,age_group,18 to 64,119254
E09000027,Richmond upon Thames,Local Authority,age_group,25 to 44,49996
E09000027,Richmond upon Thames,Local Authority,age_group,45 to 64,57258
E09000027,Richmond upon Thames,Local Authority,age_group,65 and above,33386
E09000027,Richmond upon Thames,Local Authority,age_group,65 to 74,16759
E09000027,Richmond upon Thames,Local Authority,age_group,75 to 84,12249
E09000027,Richmond upon Thames,Local Authority,age_group,85 and above,4378
E09000027,Richmond upon Thames,Local Authority,age_group,All,152640
E09000027,Richmond upon Thames,Local Authority,ethnicity,All,151284
E09000027,Richmond upon Thames,Local Authority,ethnicity,Asian or Asian British,13490
E09000027,Richmond upon Thames,Local Authority,ethnicity,"Black, Black British, Caribbean or African",2855
E09000027,Richmond upon Thames,Local Authority,ethnicity,Mixed or multiple ethnic groups,5209
E09000027,Richmond upon Thames,Local Authority,ethnicity,Other ethnic group,5006
E09000027,Richmond upon Thames,Local Authority,ethnicity,White,124724
E09000027,Richmond upon Thames,Local Authority,gender,All,152640
E09000027,Richmond upon Thames,Local Authority,gender,Female,80805
E09000027,Richmond upon Thames,Local Authority,gender,Male,71835
E09000028,Southwark,Local Authority,age_group,18 to 24,36052
E09000028,Southwark,Local Authority,age_group,18 to 64,230478
E09000028,Southwark,Local Authority,age_group,25 to 44,123382
E09000028,Southwark,Local Authority,age_group,45 to 64,71044
E09000028,Southwark,Local Authority,age_group,65 and above,28682
E09000028,Southwark,Local Authority,age_group,65 to 74,17134
E09000028,Southwark,Local Authority,age_group,75 to 84,8411
E09000028,Southwark,Local Authority,age_group,85 and above,3137
E09000028,Southwark,Local Authority,age_group,All,259160
E09000028,Southwark,Local Authority,ethnicity,All,250069
E09000028,Southwark,Local Authority,ethnicity,Asian or Asian British,25489
E09000028,Southwark,Local Authority,ethnicity,"Black, Black British, Caribbean or African",56452
E09000028,Southwark,Local Authority,ethnicity,Mixed or multiple ethnic groups,13827
E09000028,Southwark,Local Authority,ethnicity,Other ethnic group,15685
E09000028,Southwark,Local Authority,ethnicity,White,138616
E09000028,Southwark,Local Authority,gender,All,259160
E09000028,Southwark,Local Authority,gender,Female,135902
E09000028,Southwark,Local Authority,gender,Male,123258
E09000029,Sutton,Local Authority,age_group,18 to 24,13674
E09000029,Sutton,Local Authority,age_group,18 to 64,130781
E09000029,Sutton,Local Authority,age_group,25 to 44,60412
E09000029,Sutton,Local Authority,age_group,45 to 64,56695
E09000029,Sutton,Local Authority,age_group,65 and above,32890
E09000029,Sutton,Local Authority,age_group,65 to 74,16649
E09000029,Sutton,Local Authority,age_group,75 to 84,11580
E09000029,Sutton,Local Authority,age_group,85 and above,4661
E09000029,Sutton,Local Authority,age_group,All,163671
E09000029,Sutton,Local Authority,ethnicity,All,160582
E09000029,Sutton,Local Authority,ethnicity,Asian or Asian British,26236
E09000029,Sutton,Local Authority,ethnicity,"Black, Black British, Caribbean or African",9076
E09000029,Sutton,Local Authority,ethnicity,Mixed or multiple ethnic groups,4895
E09000029,Sutton,Local Authority,ethnicity,Other ethnic group,5345
E09000029,Sutton,Local Authority,ethnicity,White,115030
E09000029,Sutton,Local Authority,gender,All,163671
E09000029,Sutton,Local Authority,gender,Female,85812
E09000029,Sutton,Local Authority,gender,Male,77859
E09000030,Tower Hamlets,Local Authority,age_group,18 to 24,46385
E09000030,Tower Hamlets,Local Authority,age_group,18 to 64,249254
E09000030,Tower Hamlets,Local Authority,age_group,25 to 44,146389
E09000030,Tower Hamlets,Local Authority,age_group,45 to 64,56480
E09000030,Tower Hamlets,Local Authority,age_group,65 and above,19559
E09000030,Tower Hamlets,Local Authority,age_group,65 to 74,12025
E09000030,Tower Hamlets,Local Authority,age_group,75 to 84,5426
E09000030,Tower Hamlets,Local Authority,age_group,85 and above,2108
E09000030,Tower Hamlets,Local Authority,age_group,All,268813
E09000030,Tower Hamlets,Local Authority,ethnicity,All,246113
E09000030,Tower Hamlets,Local Authority,ethnicity,Asian or Asian British,97005
E09000030,Tower Hamlets,Local Authority,ethnicity,"Black, Black British, Caribbean or African",16845
E09000030,Tower Hamlets,Local Authority,ethnicity,Mixed or multiple ethnic groups,10063
E09000030,Tower Hamlets,Local Authority,ethnicity,Other ethnic group,9835
E09000030,Tower Hamlets,Local Authority,ethnicity,White,112365
E09000030,Tower Hamlets,Local Authority,gender,All,268813
E09000030,Tower Hamlets,Local Authority,gender,Female,134940
E09000030,Tower Hamlets,Local Authority,gender,Male,133873
E09000031,Waltham Forest,Local Authority,age_group,18 to 24,21577
E09000031,Waltham Forest,Local Authority,age_group,18 to 64,187006
E09000031,Waltham Forest,Local Authority,age_group,25 to 44,99450
E09000031,Waltham Forest,Local Authority,age_group,45 to 64,65979
E09000031,Waltham Forest,Local Authority,age_group,65 and above,30067
E09000031,Waltham Forest,Local Authority,age_group,65 to 74,16796
E09000031,Waltham Forest,Local Authority,age_group,75 to 84,9487
E09000031,Waltham Forest,Local Authority,age_group,85 and above,3784
E09000031,Waltham Forest,Local Authority,age_group,All,217073
E09000031,Waltham Forest,Local Authority,ethnicity,All,215791
E09000031,Waltham Forest,Local Authority,ethnicity,Asian or Asian British,40467
E09000031,Waltham Forest,Local Authority,ethnicity,"Black, Black British, Caribbean or African",31701
E09000031,Waltham Forest,Local Authority,ethnicity,Mixed or multiple ethnic groups,9612
E09000031,Waltham Forest,Local Authority,ethnicity,Other ethnic group,12277
E09000031,Waltham Forest,Local Authority,ethnicity,White,121734
E09000031,Waltham Forest,Local Authority,gender,All,217073
E09000031,Waltham Forest,Local Authority,gender,Female,112371
E09000031,Waltham Forest,Local Authority,gender,Male,104702
E09000032,Wandsworth,Local Authority,age_group,18 to 24,29146
E09000032,Wandsworth,Local Authority,age_group,18 to 64,245374
E09000032,Wandsworth,Local Authority,age_group,25 to 44,146237
E09000032,Wandsworth,Local Authority,age_group,45 to 64,69991
E09000032,Wandsworth,Local Authority,age_group,65 and above,33551
E09000032,Wandsworth,Local Authority,age_group,65 to 74,17891
E09000032,Wandsworth,Local Authority,age_group,75 to 84,11184
E09000032,Wandsworth,Local Authority,age_group,85 and above,4476
E09000032,Wandsworth,Local Authority,age_group,All,278925
E09000032,Wandsworth,Local Authority,ethnicity,All,268169
E09000032,Wandsworth,Local Authority,ethnicity,Asian or Asian British,30739
E09000032,Wandsworth,Local Authority,ethnicity,"Black, Black British, Caribbean or African",24914
E09000032,Wandsworth,Local Authority,ethnicity,Mixed or multiple ethnic groups,12083
E09000032,Wandsworth,Local Authority,ethnicity,Other ethnic group,10905
E09000032,Wandsworth,Local Authority,ethnicity,White,189528
E09000032,Wandsworth,Local Authority,gender,All,278925
E09000032,Wandsworth,Local Authority,gender,Female,149570
E09000032,Wandsworth,Local Authority,gender,Male,129355
E09000033,Westminster,Local Authority,age_group,18 to 24,25682
E09000033,Westminster,Local Authority,age_group,18 to 64,153634
E09000033,Westminster,Local Authority,age_group,25 to 44,76866
E09000033,Westminster,Local Authority,age_group,45 to 64,51086
E09000033,Westminster,Local Authority,age_group,65 and above,26528
E09000033,Westminster,Local Authority,age_group,65 to 74,14362
E09000033,Westminster,Local Authority,age_group,75 to 84,8739
E09000033,Westminster,Local Authority,age_group,85 and above,3427
E09000033,Westminster,Local Authority,age_group,All,180162
E09000033,Westminster,Local Authority,ethnicity,All,173621
E09000033,Westminster,Local Authority,ethnicity,Asian or Asian British,28910
E09000033,Westminster,Local Authority,ethnicity,"Black, Black British, Caribbean or African",13159
E09000033,Westminster,Local Authority,ethnicity,Mixed or multiple ethnic groups,9056
E09000033,Westminster,Local Authority,ethnicity,Other ethnic group,21786
E09000033,Westminster,Local Authority,ethnicity,White,100710
E09000033,Westminster,Local Authority,gender,All,180162
E09000033,Westminster,Local Authority,gender,Female,94444
E09000033,Westminster,Local Authority,gender,Male,85718
E10000003,Cambridgeshire,Local Authority,age_group,18 to 24,61881
E10000003,Cambridgeshire,Local Authority,age_group,18 to 64,432663
E10000003,Cambridgeshire,Local Authority,age_group,25 to 44,192660
E10000003,Cambridgeshire,Local Authority,age_group,45 to 64,178122
E10000003,Cambridgeshire,Local Authority,age_group,65 and above,134730
E10000003,Cambridgeshire,Local Authority,age_group,65 to 74,66182
E10000003,Cambridgeshire,Local Authority,age_group,75 to 84,50009
E10000003,Cambridgeshire,Local Authority,age_group,85 and above,18539
E10000003,Cambridgeshire,Local Authority,age_group,All,567393
E10000003,Cambridgeshire,Local Authority,ethnicity,All,545296
E10000003,Cambridgeshire,Local Authority,ethnicity,Asian or Asian British,31528
E10000003,Cambridgeshire,Local Authority,ethnicity,"Black, Black British, Caribbean or African",7592
E10000003,Cambridgeshire,Local Authority,ethnicity,Mixed or multiple ethnic groups,10145
E10000003,Cambridgeshire,Local Authority,ethnicity,Other ethnic group,7153
E10000003,Cambridgeshire,Local Authority,ethnicity,White,488878
E10000003,Cambridgeshire,Local Authority,gender,All,567393
E10000003,Cambridgeshire,Local Authority,gender,Female,290515
E10000003,Cambridgeshire,Local Authority,gender,Male,276878
E10000007,Derbyshire,Local Authority,age_group,18 to 24,50207
E10000007,Derbyshire,Local Authority,age_group,18 to 64,480202
E10000007,Derbyshire,Local Authority,age_group,25 to 44,202306
E10000007,Derbyshire,Local Authority,age_group,45 to 64,227689
E10000007,Derbyshire,Local Authority,age_group,65 and above,186020
E10000007,Derbyshire,Local Authority,age_group,65 to 74,93980
E10000007,Derbyshire,Local Authority,age_group,75 to 84,69291
E10000007,Derbyshire,Local Authority,age_group,85 and above,22749
E10000007,Derbyshire,Local Authority,age_group,All,666222
E10000007,Derbyshire,Local Authority,ethnicity,All,643026
E10000007,Derbyshire,Local Authority,ethnicity,Asian or Asian British,9130
E10000007,Derbyshire,Local Authority,ethnicity,"Black, Black British, Caribbean or African",3223
E10000007,Derbyshire,Local Authority,ethnicity,Mixed or multiple ethnic groups,5354
E10000007,Derbyshire,Local Authority,ethnicity,Other ethnic group,2118
E10000007,Derbyshire,Local Authority,ethnicity,White,623201
E10000007,Derbyshire,Local Authority,gender,All,666222
E10000007,Derbyshire,Local Authority,gender,Female,342853
E10000007,Derbyshire,Local Authority,gender,Male,323369
E10000008,Devon,Local Authority,age_group,18 to 24,67310
E10000008,Devon,Local Authority,age_group,18 to 64,472421
E10000008,Devon,Local Authority,age_group,25 to 44,182253
E10000008,Devon,Local Authority,age_group,45 to 64,222858
E10000008,Devon,Local Authority,age_group,65 and above,221728
E10000008,Devon,Local Authority,age_group,65 to 74,107027
E10000008,Devon,Local Authority,age_group,75 to 84,83809
E10000008,Devon,Local Authority,age_group,85 and above,30892
E10000008,Devon,Local Authority,age_group,All,694149
E10000008,Devon,Local Authority,ethnicity,All,666731
E10000008,Devon,Local Authority,ethnicity,Asian or Asian British,9577
E10000008,Devon,Local Authority,ethnicity,"Black, Black British, Caribbean or African",2086
E10000008,Devon,Local Authority,ethnicity,Mixed or multiple ethnic groups,6231
E10000008,Devon,Local Authority,ethnicity,Other ethnic group,3093
E10000008,Devon,Local Authority,ethnicity,White,645744
E10000008,Devon,Local Authority,gender,All,694149
E10000008,Devon,Local Authority,gender,Female,361408
E10000008,Devon,Local Authority,gender,Male,332741
E10000011,East Sussex,Local Authority,age_group,18 to 24,33904
E10000011,East Sussex,Local Authority,age_group,18 to 64,307039
E10000011,East Sussex,Local Authority,age_group,25 to 44,121692
E10000011,East Sussex,Local Authority,age_group,45 to 64,151443
E10000011,East Sussex,Local Authority,age_group,65 and above,149415
E10000011,East Sussex,Local Authority,age_group,65 to 74,70152
E10000011,East Sussex,Local Authority,age_group,75 to 84,57069
E10000011,East Sussex,Local Authority,age_group,85 and above,22194
E10000011,East Sussex,Local Authority,age_group,All,456454
E10000011,East Sussex,Local Authority,ethnicity,All,443679
E10000011,East Sussex,Local Authority,ethnicity,Asian or Asian British,9102
E10000011,East Sussex,Local Authority,ethnicity,"Black, Black British, Caribbean or African",3505
E10000011,East Sussex,Local Authority,ethnicity,Mixed or multiple ethnic groups,6603
E10000011,East Sussex,Local Authority,ethnicity,Other ethnic group,3769
E10000011,East Sussex,Local Authority,ethnicity,White,420700
E10000011,East Sussex,Local Authority,gender,All,456454
E10000011,East Sussex,Local Authority,gender,Female,240617
E10000011,East Sussex,Local Authority,gender,Male,215837
E10000012,Essex,Local Authority,age_group,18 to 24,105982
E10000012,Essex,Local Authority,age_group,18 to 64,908307
E10000012,Essex,Local Authority,age_group,25 to 44,400798
E10000012,Essex,Local Authority,age_group,45 to 64,401527
E10000012,Essex,Local Authority,age_group,65 and above,325861
E10000012,Essex,Local Authority,age_group,65 to 74,156311
E10000012,Essex,Local Authority,age_group,75 to 84,123574
E10000012,Essex,Local Authority,age_group,85 and above,45976
E10000012,Essex,Local Authority,age_group,All,1234168
E10000012,Essex,Local Authority,ethnicity,All,1190241
E10000012,Essex,Local Authority,ethnicity,Asian or Asian British,42664
E10000012,Essex,Local Authority,ethnicity,"Black, Black British, Caribbean or African",26372
E10000012,Essex,Local Authority,ethnicity,Mixed or multiple ethnic groups,17759
E10000012,Essex,Local Authority,ethnicity,Other ethnic group,11278
E10000012,Essex,Local Authority,ethnicity,White,1092168
E10000012,Essex,Local Authority,gender,All,1234168
E10000012,Essex,Local Authority,gender,Female,642005
E10000012,Essex,Local Authority,gender,Male,592163
E10000013,Gloucestershire,Local Authority,age_group,18 to 24,46447
E10000013,Gloucestershire,Local Authority,age_group,18 to 64,388181
E10000013,Gloucestershire,Local Authority,age_group,25 to 44,165062
E10000013,Gloucestershire,Local Authority,age_group,45 to 64,176672
E10000013,Gloucestershire,Local Authority,age_group,65 and above,148036
E10000013,Gloucestershire,Local Authority,age_group,65 to 74,72615
E10000013,Gloucestershire,Local Authority,age_group,75 to 84,54898
E10000013,Gloucestershire,Local Authority,age_group,85 and above,20523
E10000013,Gloucestershire,Local Authority,age_group,All,536217
E10000013,Gloucestershire,Local Authority,ethnicity,All,517645
E10000013,Gloucestershire,Local Authority,ethnicity,Asian or Asian British,13655
E10000013,Gloucestershire,Local Authority,ethnicity,"Black, Black British, Caribbean or African",5788
E10000013,Gloucestershire,Local Authority,ethnicity,Mixed or multiple ethnic groups,6776
E10000013,Gloucestershire,Local Authority,ethnicity,Other ethnic group,3228
E10000013,Gloucestershire,Local Authority,ethnicity,White,488198
E10000013,Gloucestershire,Local Authority,gender,All,536217
E10000013,Gloucestershire,Local Authority,gender,Female,276882
E10000013,Gloucestershire,Local Authority,gender,Male,259335
E10000014,Hampshire,Local Authority,age_group,18 to 24,94466
E10000014,Hampshire,Local Authority,age_group,18 to 64,833712
E10000014,Hampshire,Local Authority,age_group,25 to 44,355702
E10000014,Hampshire,Local Authority,age_group,45 to 64,383544
E10000014,Hampshire,Local Authority,age_group,65 and above,324772
E10000014,Hampshire,Local Authority,age_group,65 to 74,154446
E10000014,Hampshire,Local Authority,age_group,75 to 84,122551
E10000014,Hampshire,Local Authority,age_group,85 and above,47775
E10000014,Hampshire,Local Authority,age_group,All,1158484
E10000014,Hampshire,Local Authority,ethnicity,All,1119812
E10000014,Hampshire,Local Authority,ethnicity,Asian or Asian British,40921
E10000014,Hampshire,Local Authority,ethnicity,"Black, Black British, Caribbean or African",10318
E10000014,Hampshire,Local Authority,ethnicity,Mixed or multiple ethnic groups,12865
E10000014,Hampshire,Local Authority,ethnicity,Other ethnic group,8884
E10000014,Hampshire,Local Authority,ethnicity,White,1046824
E10000014,Hampshire,Local Authority,gender,All,1158484
E10000014,Hampshire,Local Authority,gender,Female,599556
E10000014,Hampshire,Local Authority,gender,Male,558928
E10000015,Hertfordshire,Local Authority,age_group,18 to 24,83379
E10000015,Hertfordshire,Local Authority,age_group,18 to 64,742401
E10000015,Hertfordshire,Local Authority,age_group,25 to 44,337241
E10000015,Hertfordshire,Local Authority,age_group,45 to 64,321781
E10000015,Hertfordshire,Local Authority,age_group,65 and above,216310
E10000015,Hertfordshire,Local Authority,age_group,65 to 74,106177
E10000015,Hertfordshire,Local Authority,age_group,75 to 84,77028
E10000015,Hertfordshire,Local Authority,age_group,85 and above,33105
E10000015,Hertfordshire,Local Authority,age_group,All,958711
E10000015,Hertfordshire,Local Authority,ethnicity,All,930062
E10000015,Hertfordshire,Local Authority,ethnicity,Asian or Asian British,77325
E10000015,Hertfordshire,Local Authority,ethnicity,"Black, Black British, Caribbean or African",33001
E10000015,Hertfordshire,Local Authority,ethnicity,Mixed or multiple ethnic groups,21157
E10000015,Hertfordshire,Local Authority,ethnicity,Other ethnic group,19222
E10000015,Hertfordshire,Local Authority,ethnicity,White,779357
E10000015,Hertfordshire,Local Authority,gender,All,958711
E10000015,Hertfordshire,Local Authority,gender,Female,497150
E10000015,Hertfordshire,Local Authority,gender,Male,461561
E10000016,Kent,Local Authority,age_group,18 to 24,111472
E10000016,Kent,Local Authority,age_group,18 to 64,947675
E10000016,Kent,Local Authority,age_group,25 to 44,415018
E10000016,Kent,Local Authority,age_group,45 to 64,421185
E10000016,Kent,Local Authority,age_group,65 and above,335964
E10000016,Kent,Local Authority,age_group,65 to 74,163366
E10000016,Kent,Local Authority,age_group,75 to 84,126493
E10000016,Kent,Local Authority,age_group,85 and above,46105
E10000016,Kent,Local Authority,age_group,All,1283639
E10000016,Kent,Local Authority,ethnicity,All,1239685
E10000016,Kent,Local Authority,ethnicity,Asian or Asian British,52575
E10000016,Kent,Local Authority,ethnicity,"Black, Black British, Caribbean or African",28147
E10000016,Kent,Local Authority,ethnicity,Mixed or multiple ethnic groups,18013
E10000016,Kent,Local Authority,ethnicity,Other ethnic group,14790
E10000016,Kent,Local Authority,ethnicity,White,1126160
E10000016,Kent,Local Authority,gender,All,1283639
E10000016,Kent,Local Authority,gender,Female,668997
E10000016,Kent,Local Authority,gender,Male,614642
E10000017,Lancashire,Local Authority,age_group,18 to 24,110638
E10000017,Lancashire,Local Authority,age_group,18 to 64,760682
E10000017,Lancashire,Local Authority,age_group,25 to 44,317277
E10000017,Lancashire,Local Authority,age_group,45 to 64,332767
E10000017,Lancashire,Local Authority,age_group,65 and above,272840
E10000017,Lancashire,Local Authority,age_group,65 to 74,137939
E10000017,Lancashire,Local Authority,age_group,75 to 84,100167
E10000017,Lancashire,Local Authority,age_group,85 and above,34734
E10000017,Lancashire,Local Authority,age_group,All,1033522
E10000017,Lancashire,Local Authority,ethnicity,All,984589
E10000017,Lancashire,Local Authority,ethnicity,Asian or Asian British,68644
E10000017,Lancashire,Local Authority,ethnicity,"Black, Black British, Caribbean or African",6309
E10000017,Lancashire,Local Authority,ethnicity,Mixed or multiple ethnic groups,9972
E10000017,Lancashire,Local Authority,ethnicity,Other ethnic group,6345
E10000017,Lancashire,Local Authority,ethnicity,White,893319
E10000017,Lancashire,Local Authority,gender,All,1033522
E10000017,Lancashire,Local Authority,gender,Female,528296
E10000017,Lancashire,Local Authority,gender,Male,505226
E10000018,Leicestershire,Local Authority,age_group,18 to 24,61369
E10000018,Leicestershire,Local Authority,age_group,18 to 64,440785
E10000018,Leicestershire,Local Authority,age_group,25 to 44,185623
E10000018,Leicestershire,Local Authority,age_group,45 to 64,193793
E10000018,Leicestershire,Local Authority,age_group,65 and above,157349
E10000018,Leicestershire,Local Authority,age_group,65 to 74,78521
E10000018,Leicestershire,Local Authority,age_group,75 to 84,58548
E10000018,Leicestershire,Local Authority,age_group,85 and above,20280
E10000018,Leicestershire,Local Authority,age_group,All,598134
E10000018,Leicestershire,Local Authority,ethnicity,All,571500
E10000018,Leicestershire,Local Authority,ethnicity,Asian or Asian British,45187
E10000018,Leicestershire,Local Authority,ethnicity,"Black, Black British, Caribbean or African",5977
E10000018,Leicestershire,Local Authority,ethnicity,Mixed or multiple ethnic groups,7522
E10000018,Leicestershire,Local Authority,ethnicity,Other ethnic group,5571
E10000018,Leicestershire,Local Authority,ethnicity,White,507243
E10000018,Leicestershire,Local Authority,gender,All,598134
E10000018,Leicestershire,Local Authority,gender,Female,305450
E10000018,Leicestershire,Local Authority,gender,Male,292684
E10000019,Lincolnshire,Local Authority,age_group,18 to 24,58084
E10000019,Lincolnshire,Local Authority,age_group,18 to 64,450940
E10000019,Lincolnshire,Local Authority,age_group,25 to 44,182639
E10000019,Lincolnshire,Local Authority,age_group,45 to 64,210217
E10000019,Lincolnshire,Local Authority,age_group,65 and above,190608
E10000019,Lincolnshire,Local Authority,age_group,65 to 74,94538
E10000019,Lincolnshire,Local Authority,age_group,75 to 84,71771
E10000019,Lincolnshire,Local Authority,age_group,85 and above,24299
E10000019,Lincolnshire,Local Authority,age_group,All,641548
E10000019,Lincolnshire,Local Authority,ethnicity,All,624110
E10000019,Lincolnshire,Local Authority,ethnicity,Asian or Asian British,9183
E10000019,Lincolnshire,Local Authority,ethnicity,"Black, Black British, Caribbean or African",3422
E10000019,Lincolnshire,Local Authority,ethnicity,Mixed or multiple ethnic groups,5435
E10000019,Lincolnshire,Local Authority,ethnicity,Other ethnic group,3263
E10000019,Lincolnshire,Local Authority,ethnicity,White,602807
E10000019,Lincolnshire,Local Authority,gender,All,641548
E10000019,Lincolnshire,Local Authority,gender,Female,330719
E10000019,Lincolnshire,Local Authority,gender,Male,310829
E10000020,Norfolk,Local Authority,age_group,18 to 24,68422
E10000020,Norfolk,Local Authority,age_group,18 to 64,533790
E10000020,Norfolk,Local Authority,age_group,25 to 44,221369
E10000020,Norfolk,Local Authority,age_group,45 to 64,243999
E10000020,Norfolk,Local Authority,age_group,65 and above,234739
E10000020,Norfolk,Local Authority,age_group,65 to 74,112632
E10000020,Norfolk,Local Authority,age_group,75 to 84,89300
E10000020,Norfolk,Local Authority,age_group,85 and above,32807
E10000020,Norfolk,Local Authority,age_group,All,768529
E10000020,Norfolk,Local Authority,ethnicity,All,748712
E10000020,Norfolk,Local Authority,ethnicity,Asian or Asian British,14960
E10000020,Norfolk,Local Authority,ethnicity,"Black, Black British, Caribbean or African",6231
E10000020,Norfolk,Local Authority,ethnicity,Mixed or multiple ethnic groups,8243
E10000020,Norfolk,Local Authority,ethnicity,Other ethnic group,4846
E10000020,Norfolk,Local Authority,ethnicity,White,714432
E10000020,Norfolk,Local Authority,gender,All,768529
E10000020,Norfolk,Local Authority,gender,Female,395585
E10000020,Norfolk,Local Authority,gender,Male,372944
E10000024,Nottinghamshire,Local Authority,age_group,18 to 24,57461
E10000024,Nottinghamshire,Local Authority,age_group,18 to 64,500799
E10000024,Nottinghamshire,Local Authority,age_group,25 to 44,216997
E10000024,Nottinghamshire,Local Authority,age_group,45 to 64,226341
E10000024,Nottinghamshire,Local Authority,age_group,65 and above,184642
E10000024,Nottinghamshire,Local Authority,age_group,65 to 74,91644
E10000024,Nottinghamshire,Local Authority,age_group,75 to 84,68766
E10000024,Nottinghamshire,Local Authority,age_group,85 and above,24232
E10000024,Nottinghamshire,Local Authority,age_group,All,685441
E10000024,Nottinghamshire,Local Authority,ethnicity,All,661592
E10000024,Nottinghamshire,Local Authority,ethnicity,Asian or Asian British,18693
E10000024,Nottinghamshire,Local Authority,ethnicity,"Black, Black British, Caribbean or African",7593
E10000024,Nottinghamshire,Local Authority,ethnicity,Mixed or multiple ethnic groups,8255
E10000024,Nottinghamshire,Local Authority,ethnicity,Other ethnic group,4510
E10000024,Nottinghamshire,Local Authority,ethnicity,White,622541
E10000024,Nottinghamshire,Local Authority,gender,All,685441
E10000024,Nottinghamshire,Local Authority,gender,Female,353080
E10000024,Nottinghamshire,Local Authority,gender,Male,332361
E10000025,Oxfordshire,Local Authority,age_group,18 to 24,69481
E10000025,Oxfordshire,Local Authority,age_group,18 to 64,466572
E10000025,Oxfordshire,Local Authority,age_group,25 to 44,208432
E10000025,Oxfordshire,Local Authority,age_group,45 to 64,188659
E10000025,Oxfordshire,Local Authority,age_group,65 and above,139999
E10000025,Oxfordshire,Local Authority,age_group,65 to 74,68162
E10000025,Oxfordshire,Local Authority,age_group,75 to 84,51209
E10000025,Oxfordshire,Local Authority,age_group,85 and above,20628
E10000025,Oxfordshire,Local Authority,age_group,All,606571
E10000025,Oxfordshire,Local Authority,ethnicity,All,578603
E10000025,Oxfordshire,Local Authority,ethnicity,Asian or Asian British,35533
E10000025,Oxfordshire,Local Authority,ethnicity,"Black, Black British, Caribbean or African",11013
E10000025,Oxfordshire,Local Authority,ethnicity,Mixed or multiple ethnic groups,11885
E10000025,Oxfordshire,Local Authority,ethnicity,Other ethnic group,8928
E10000025,Oxfordshire,Local Authority,ethnicity,White,511244
E10000025,Oxfordshire,Local Authority,gender,All,606571
E10000025,Oxfordshire,Local Authority,gender,Female,311961
E10000025,Oxfordshire,Local Authority,gender,Male,294610
E10000028,Staffordshire,Local Authority,age_group,18 to 24,62725
E10000028,Staffordshire,Local Authority,age_group,18 to 64,527438
E10000028,Staffordshire,Local Authority,age_group,25 to 44,223775
E10000028,Staffordshire,Local Authority,age_group,45 to 64,240938
E10000028,Staffordshire,Local Authority,age_group,65 and above,204911
E10000028,Staffordshire,Local Authority,age_group,65 to 74,100463
E10000028,Staffordshire,Local Authority,age_group,75 to 84,77565
E10000028,Staffordshire,Local Authority,age_group,85 and above,26883
E10000028,Staffordshire,Local Authority,age_group,All,732349
E10000028,Staffordshire,Local Authority,ethnicity,All,707266
E10000028,Staffordshire,Local Authority,ethnicity,Asian or Asian British,21027
E10000028,Staffordshire,Local Authority,ethnicity,"Black, Black British, Caribbean or African",5499
E10000028,Staffordshire,Local Authority,ethnicity,Mixed or multiple ethnic groups,7466
E10000028,Staffordshire,Local Authority,ethnicity,Other ethnic group,3606
E10000028,Staffordshire,Local Authority,ethnicity,White,669668
E10000028,Staffordshire,Local Authority,gender,All,732349
E10000028,Staffordshire,Local Authority,gender,Female,373921
E10000028,Staffordshire,Local Authority,gender,Male,358428
E10000029,Suffolk,Local Authority,age_group,18 to 24,50889
E10000029,Suffolk,Local Authority,age_group,18 to 64,443436
E10000029,Suffolk,Local Authority,age_group,25 to 44,187896
E10000029,Suffolk,Local Authority,age_group,45 to 64,204651
E10000029,Suffolk,Local Authority,age_group,65 and above,190540
E10000029,Suffolk,Local Authority,age_group,65 to 74,91186
E10000029,Suffolk,Local Authority,age_group,75 to 84,72238
E10000029,Suffolk,Local Authority,age_group,85 and above,27116
E10000029,Suffolk,Local Authority,age_group,All,633976
E10000029,Suffolk,Local Authority,ethnicity,All,613549
E10000029,Suffolk,Local Authority,ethnicity,Asian or Asian British,13112
E10000029,Suffolk,Local Authority,ethnicity,"Black, Black British, Caribbean or African",7936
E10000029,Suffolk,Local Authority,ethnicity,Mixed or multiple ethnic groups,9253
E10000029,Suffolk,Local Authority,ethnicity,Other ethnic group,5148
E10000029,Suffolk,Local Authority,ethnicity,White,578100
E10000029,Suffolk,Local Authority,gender,All,633976
E10000029,Suffolk,Local Authority,gender,Female,324685
E10000029,Suffolk,Local Authority,gender,Male,309291
E10000030,Surrey,Local Authority,age_group,18 to 24,92869
E10000030,Surrey,Local Authority,age_group,18 to 64,740087
E10000030,Surrey,Local Authority,age_group,25 to 44,313428
E10000030,Surrey,Local Authority,age_group,45 to 64,333790
E10000030,Surrey,Local Authority,age_group,65 and above,239223
E10000030,Surrey,Local Authority,age_group,65 to 74,112906
E10000030,Surrey,Local Authority,age_group,75 to 84,88079
E10000030,Surrey,Local Authority,age_group,85 and above,38238
E10000030,Surrey,Local Authority,age_group,All,979310
E10000030,Surrey,Local Authority,ethnicity,All,943093
E10000030,Surrey,Local Authority,ethnicity,Asian or Asian British,70625
E10000030,Surrey,Local Authority,ethnicity,"Black, Black British, Caribbean or African",15649
E10000030,Surrey,Local Authority,ethnicity,Mixed or multiple ethnic groups,19831
E10000030,Surrey,Local Authority,ethnicity,Other ethnic group,15985
E10000030,Surrey,Local Authority,ethnicity,White,821003
E10000030,Surrey,Local Authority,gender,All,979310
E10000030,Surrey,Local Authority,gender,Female,509214
E10000030,Surrey,Local Authority,gender,Male,470096
E10000031,Warwickshire,Local Authority,age_group,18 to 24,44962
E10000031,Warwickshire,Local Authority,age_group,18 to 64,372707
E10000031,Warwickshire,Local Authority,age_group,25 to 44,164870
E10000031,Warwickshire,Local Authority,age_group,45 to 64,162875
E10000031,Warwickshire,Local Authority,age_group,65 and above,130108
E10000031,Warwickshire,Local Authority,age_group,65 to 74,62763
E10000031,Warwickshire,Local Authority,age_group,75 to 84,49105
E10000031,Warwickshire,Local Authority,age_group,85 and above,18240
E10000031,Warwickshire,Local Authority,age_group,All,502815
E10000031,Warwickshire,Local Authority,ethnicity,All,477437
E10000031,Warwickshire,Local Authority,ethnicity,Asian or Asian British,28878
E10000031,Warwickshire,Local Authority,ethnicity,"Black, Black British, Caribbean or African",5843
E10000031,Warwickshire,Local Authority,ethnicity,Mixed or multiple ethnic groups,6462
E10000031,Warwickshire,Local Authority,ethnicity,Other ethnic group,4876
E10000031,Warwickshire,Local Authority,ethnicity,White,431378
E10000031,Warwickshire,Local Authority,gender,All,502815
E10000031,Warwickshire,Local Authority,gender,Female,257994
E10000031,Warwickshire,Local Authority,gender,Male,244821
E10000032,West Sussex,Local Authority,age_group,18 to 24,57169
E10000032,West Sussex,Local Authority,age_group,18 to 64,520196
E10000032,West Sussex,Local Authority,age_group,25 to 44,222304
E10000032,West Sussex,Local Authority,age_group,45 to 64,240723
E10000032,West Sussex,Local Authority,age_group,65 and above,212898
E10000032,West Sussex,Local Authority,age_group,65 to 74,100424
E10000032,West Sussex,Local Authority,age_group,75 to 84,80345
E10000032,West Sussex,Local Authority,age_group,85 and above,32129
E10000032,West Sussex,Local Authority,age_group,All,733094
E10000032,West Sussex,Local Authority,ethnicity,All,707629
E10000032,West Sussex,Local Authority,ethnicity,Asian or Asian British,28404
E10000032,West Sussex,Local Authority,ethnicity,"Black, Black British, Caribbean or African",8288
E10000032,West Sussex,Local Authority,ethnicity,Mixed or multiple ethnic groups,10341
E10000032,West Sussex,Local Authority,ethnicity,Other ethnic group,6759
E10000032,West Sussex,Local Authority,ethnicity,White,653837
E10000032,West Sussex,Local Authority,gender,All,733094
E10000032,West Sussex,Local Authority,gender,Female,382049
E10000032,West Sussex,Local Authority,gender,Male,351045
E10000034,Worcestershire,Local Authority,age_group,18 to 24,41390
E10000034,Worcestershire,Local Authority,age_group,18 to 64,355690
E10000034,Worcestershire,Local Authority,age_group,25 to 44,148813
E10000034,Worcestershire,Local Authority,age_group,45 to 64,165487
E10000034,Worcestershire,Local Authority,age_group,65 and above,145551
E10000034,Worcestershire,Local Authority,age_group,65 to 74,70665
E10000034,Worcestershire,Local Authority,age_group,75 to 84,54963
E10000034,Worcestershire,Local Authority,age_group,85 and above,19923
E10000034,Worcestershire,Local Authority,age_group,All,501241
E10000034,Worcestershire,Local Authority,ethnicity,All,485739
E10000034,Worcestershire,Local Authority,ethnicity,Asian or Asian British,13169
E10000034,Worcestershire,Local Authority,ethnicity,"Black, Black British, Caribbean or African",3228
E10000034,Worcestershire,Local Authority,ethnicity,Mixed or multiple ethnic groups,5555
E10000034,Worcestershire,Local Authority,ethnicity,Other ethnic group,2591
E10000034,Worcestershire,Local Authority,ethnicity,White,461196
E10000034,Worcestershire,Local Authority,gender,All,501241
E10000034,Worcestershire,Local Authority,gender,Female,258993
E10000034,Worcestershire,Local Authority,gender,Male,242248
E12000001,North East,Region,age_group,18 to 24,242909
E12000001,North East,Region,age_group,18 to 64,1642184
E12000001,North East,Region,age_group,25 to 44,702382
E12000001,North East,Region,age_group,45 to 64,696893
E12000001,North East,Region,age_group,65 and above,575784
E12000001,North East,Region,age_group,65 to 74,303004
E12000001,North East,Region,age_group,75 to 84,201147
E12000001,North East,Region,age_group,85 and above,71633
E12000001,North East,Region,age_group,All,2217968
E12000001,North East,Region,ethnicity,All,2121714
E12000001,North East,Region,ethnicity,Asian or Asian British,72329
E12000001,North East,Region,ethnicity,Asian or Asian British: Any other Asian background,13762
E12000001,North East,Region,ethnicity,Asian or Asian British: Bangladeshi,10493
E12000001,North East,Region,ethnicity,Asian or Asian British: Chinese,12139
E12000001,North East,Region,ethnicity,Asian or Asian British: Indian,17499
E12000001,North East,Region,ethnicity,Asian or Asian British: Pakistani,18433
E12000001,North East,Region,ethnicity,"Black, Black British, Caribbean or African",17917
E12000001,North East,Region,ethnicity,"Black, Black British, Caribbean or African: African",15354
E12000001,North East,Region,ethnicity,"Black, Black British, Caribbean or African: Any other Black, Black British or Caribbean background",1067
E12000001,North East,Region,ethnicity,"Black, Black British, Caribbean or African: Caribbean",1500
E12000001,North East,Region,ethnicity,Mixed or multiple ethnic groups,17400
E12000001,North East,Region,ethnicity,Mixed or multiple ethnic groups: Any other Mixed or multiple ethnic background,5024
E12000001,North East,Region,ethnicity,Mixed or multiple ethnic groups: White and Asian,6080
E12000001,North East,Region,ethnicity,Mixed or multiple ethnic groups: White and Black African,2761
E12000001,North East,Region,ethnicity,Mixed or multiple ethnic groups: White and Black Caribbean,3537
E12000001,North East,Region,ethnicity,Other ethnic group,18355
E12000001,North East,Region,ethnicity,Other ethnic group: Any other ethnic group,11840
E12000001,North East,Region,ethnicity,Other ethnic group: Arab,6516
E12000001,North East,Region,ethnicity,White,1995708
E12000001,North East,Region,ethnicity,White: Any other White background,42448
E12000001,North East,Region,ethnicity,"White: English, Welsh, Scottish, Northern Irish or British",1942058
E12000001,North East,Region,ethnicity,White: Gypsy or Irish Traveller,1705
E12000001,North East,Region,ethnicity,White: Irish,7921
E12000001,North East,Region,ethnicity,White: Roma,1577
E12000001,North East,Region,gender,All,2217968
E12000001,North East,Region,gender,Female,1142317
E12000001,North East,Region,gender,Male,1075651
E12000002,North West,Region,age_group,18 to 24,673033
E12000002,North West,Region,age_group,18 to 64,4653678
E12000002,North West,Region,age_group,25 to 44,2063930
E12000002,North West,Region,age_group,45 to 64,1916715
E12000002,North West,Region,age_group,65 and above,1456178
E12000002,North West,Region,age_group,65 to 74,746948
E12000002,North West,Region,age_group,75 to 84,524301
E12000002,North West,Region,age_group,85 and above,184929
E12000002,North West,Region,age_group,All,6109856
E12000002,North West,Region,ethnicity,All,5854206
E12000002,North West,Region,ethnicity,Asian or Asian British,431093
E12000002,North West,Region,ethnicity,Asian or Asian British: Any other Asian background,46692
E12000002,North West,Region,ethnicity,Asian or Asian British: Bangladeshi,39412
E12000002,North West,Region,ethnicity,Asian or Asian British: Chinese,44027
E12000002,North West,Region,ethnicity,Asian or Asian British: Indian,104800
E12000002,North West,Region,ethnicity,Asian or Asian British: Pakistani,196162
E12000002,North West,Region,ethnicity,"Black, Black British, Caribbean or African",116633
E12000002,North West,Region,ethnicity,"Black, Black British, Caribbean or African: African",84811
E12000002,North West,Region,ethnicity,"Black, Black British, Caribbean or African: Any other Black, Black British or Caribbean background",9490
E12000002,North West,Region,ethnicity,"Black, Black British, Caribbean or African: Caribbean",22333
E12000002,North West,Region,ethnicity,Mixed or multiple ethnic groups,85029
E12000002,North West,Region,ethnicity,Mixed or multiple ethnic groups: Any other Mixed or multiple ethnic background,21633
E12000002,North West,Region,ethnicity,Mixed or multiple ethnic groups: White and Asian,22375
E12000002,North West,Region,ethnicity,Mixed or multiple ethnic groups: White and Black African,14636
E12000002,North West,Region,ethnicity,Mixed or multiple ethnic groups: White and Black Caribbean,26386
E12000002,North West,Region,ethnicity,Other ethnic group,76546
E12000002,North West,Region,ethnicity,Other ethnic group: Any other ethnic group,48312
E12000002,North West,Region,ethnicity,Other ethnic group: Arab,28234
E12000002,North West,Region,ethnicity,White,5144905
E12000002,North West,Region,ethnicity,White: Any other White background,207674
E12000002,North West,Region,ethnicity,"White: English, Welsh, Scottish, Northern Irish or British",4869456
E12000002,North West,Region,ethnicity,White: Gypsy or Irish Traveller,3887
E12000002,North West,Region,ethnicity,White: Irish,58117
E12000002,North West,Region,ethnicity,White: Roma,5769
E12000002,North West,Region,gender,All,6109856
E12000002,North West,Region,gender,Female,3134531
E12000002,North West,Region,gender,Male,2975325
E12000003,Yorkshire and The Humber,Region,age_group,18 to 24,500270
E12000003,Yorkshire and The Humber,Region,age_group,18 to 64,3396303
E12000003,Yorkshire and The Humber,Region,age_group,25 to 44,1487933
E12000003,Yorkshire and The Humber,Region,age_group,45 to 64,1408100
E12000003,Yorkshire and The Humber,Region,age_group,65 and above,1095556
E12000003,Yorkshire and The Humber,Region,age_group,65 to 74,558850
E12000003,Yorkshire and The Humber,Region,age_group,75 to 84,394265
E12000003,Yorkshire and The Humber,Region,age_group,85 and above,142441
E12000003,Yorkshire and The Humber,Region,age_group,All,4491859
E12000003,Yorkshire and The Humber,Region,ethnicity,All,4333128
E12000003,Yorkshire and The Humber,Region,ethnicity,Asian or Asian British,336036
E12000003,Yorkshire and The Humber,Region,ethnicity,Asian or Asian British: Any other Asian background,37071
E12000003,Yorkshire and The Humber,Region,ethnicity,Asian or Asian British: Bangladeshi,18624
E12000003,Yorkshire and The Humber,Region,ethnicity,Asian or Asian British: Chinese,24820
E12000003,Yorkshire and The Humber,Region,ethnicity,Asian or Asian British: Indian,62504
E12000003,Yorkshire and The Humber,Region,ethnicity,Asian or Asian British: Pakistani,193021
E12000003,Yorkshire and The Humber,Region,ethnicity,"Black, Black British, Caribbean or African",82282
E12000003,Yorkshire and The Humber,Region,ethnicity,"Black, Black British, Caribbean or African: African",55405
E12000003,Yorkshire and The Humber,Region,ethnicity,"Black, Black British, Caribbean or African: Any other Black, Black British or Caribbean background",6847
E12000003,Yorkshire and The Humber,Region,ethnicity,"Black, Black British, Caribbean or African: Caribbean",20030
E12000003,Yorkshire and The Humber,Region,ethnicity,Mixed or multiple ethnic groups,58273
E12000003,Yorkshire and The Humber,Region,ethnicity,Mixed or multiple ethnic groups: Any other Mixed or multiple ethnic background,13655
E12000003,Yorkshire and The Humber,Region,ethnicity,Mixed or multiple ethnic groups: White and Asian,16937
E12000003,Yorkshire and The Humber,Region,ethnicity,Mixed or multiple ethnic groups: White and Black African,6581
E12000003,Yorkshire and The Humber,Region,ethnicity,Mixed or multiple ethnic groups: White and Black Caribbean,21099
E12000003,Yorkshire and The Humber,Region,ethnicity,Other ethnic group,55122
E12000003,Yorkshire and The Humber,Region,ethnicity,Other ethnic group: Any other ethnic group,38579
E12000003,Yorkshire and The Humber,Region,ethnicity,Other ethnic group: Arab,16543
E12000003,Yorkshire and The Humber,Region,ethnicity,White,3801411
E12000003,Yorkshire and The Humber,Region,ethnicity,White: Any other White background,168004
E12000003,Yorkshire and The Humber,Region,ethnicity,"White: English, Welsh, Scottish, Northern Irish or British",3599390
E12000003,Yorkshire and The Humber,Region,ethnicity,White: Gypsy or Irish Traveller,3916
E12000003,Yorkshire and The Humber,Region,ethnicity,White: Irish,23919
E12000003,Yorkshire and The Humber,Region,ethnicity,White: Roma,6183
E12000003,Yorkshire and The Humber,Region,gender,All,4491859
E12000003,Yorkshire and The Humber,Region,gender,Female,2309784
E12000003,Yorkshire and The Humber,Region,gender,Male,2182075
E12000004,East Midlands,Region,age_group,18 to 24,435123
E12000004,East Midlands,Region,age_group,18 to 64,3025341
E12000004,East Midlands,Region,age_group,25 to 44,1301322
E12000004,East Midlands,Region,age_group,45 to 64,1288896
E12000004,East Midlands,Region,age_group,65 and above,1005693
E12000004,East Midlands,Region,age_group,65 to 74,507828
E12000004,East Midlands,Region,age_group,75 to 84,369240
E12000004,East Midlands,Region,age_group,85 and above,128625
E12000004,East Midlands,Region,age_group,All,4031034
E12000004,East Midlands,Region,ethnicity,All,3889263
E12000004,East Midlands,Region,ethnicity,Asian or Asian British,295039
E12000004,East Midlands,Region,ethnicity,Asian or Asian British: Any other Asian background,34404
E12000004,East Midlands,Region,ethnicity,Asian or Asian British: Bangladeshi,14059
E12000004,East Midlands,Region,ethnicity,Asian or Asian British: Chinese,19258
E12000004,East Midlands,Region,ethnicity,Asian or Asian British: Indian,179620
E12000004,East Midlands,Region,ethnicity,Asian or Asian British: Pakistani,47698
E12000004,East Midlands,Region,ethnicity,"Black, Black British, Caribbean or African",94326
E12000004,East Midlands,Region,ethnicity,"Black, Black British, Caribbean or African: African",58835
E12000004,East Midlands,Region,ethnicity,"Black, Black British, Caribbean or African: Any other Black, Black British or Caribbean background",8449
E12000004,East Midlands,Region,ethnicity,"Black, Black British, Caribbean or African: Caribbean",27041
E12000004,East Midlands,Region,ethnicity,Mixed or multiple ethnic groups,58922
E12000004,East Midlands,Region,ethnicity,Mixed or multiple ethnic groups: Any other Mixed or multiple ethnic background,13838
E12000004,East Midlands,Region,ethnicity,Mixed or multiple ethnic groups: White and Asian,14480
E12000004,East Midlands,Region,ethnicity,Mixed or multiple ethnic groups: White and Black African,6207
E12000004,East Midlands,Region,ethnicity,Mixed or multiple ethnic groups: White and Black Caribbean,24397
E12000004,East Midlands,Region,ethnicity,Other ethnic group,44774
E12000004,East Midlands,Region,ethnicity,Other ethnic group: Any other ethnic group,35978
E12000004,East Midlands,Region,ethnicity,Other ethnic group: Arab,8795
E12000004,East Midlands,Region,ethnicity,White,3396201
E12000004,East Midlands,Region,ethnicity,White: Any other White background,208704
E12000004,East Midlands,Region,ethnicity,"White: English, Welsh, Scottish, Northern Irish or British",3153182
E12000004,East Midlands,Region,ethnicity,White: Gypsy or Irish Traveller,3151
E12000004,East Midlands,Region,ethnicity,White: Irish,25757
E12000004,East Midlands,Region,ethnicity,White: Roma,5410
E12000004,East Midlands,Region,gender,All,4031034
E12000004,East Midlands,Region,gender,Female,2065950
E12000004,East Midlands,Region,gender,Male,1965084
E12000005,West Midlands,Region,age_group,18 to 24,527235
E12000005,West Midlands,Region,age_group,18 to 64,3668310
E12000005,West Midlands,Region,age_group,25 to 44,1624740
E12000005,West Midlands,Region,age_group,45 to 64,1516335
E12000005,West Midlands,Region,age_group,65 and above,1167649
E12000005,West Midlands,Region,age_group,65 to 74,580918
E12000005,West Midlands,Region,age_group,75 to 84,426569
E12000005,West Midlands,Region,age_group,85 and above,160162
E12000005,West Midlands,Region,age_group,All,4835959
E12000005,West Midlands,Region,ethnicity,All,4657522
E12000005,West Midlands,Region,ethnicity,Asian or Asian British,561551
E12000005,West Midlands,Region,ethnicity,Asian or Asian British: Any other Asian background,62779
E12000005,West Midlands,Region,ethnicity,Asian or Asian British: Bangladeshi,50250
E12000005,West Midlands,Region,ethnicity,Asian or Asian British: Chinese,26895
E12000005,West Midlands,Region,ethnicity,Asian or Asian British: Indian,213865
E12000005,West Midlands,Region,ethnicity,Asian or Asian British: Pakistani,207762
E12000005,West Midlands,Region,ethnicity,"Black, Black British, Caribbean or African",188695
E12000005,West Midlands,Region,ethnicity,"Black, Black British, Caribbean or African: African",95431
E12000005,West Midlands,Region,ethnicity,"Black, Black British, Caribbean or African: Any other Black, Black British or Caribbean background",18049
E12000005,West Midlands,Region,ethnicity,"Black, Black British, Caribbean or African: Caribbean",75217
E12000005,West Midlands,Region,ethnicity,Mixed or multiple ethnic groups,85900
E12000005,West Midlands,Region,ethnicity,Mixed or multiple ethnic groups: Any other Mixed or multiple ethnic background,17129
E12000005,West Midlands,Region,ethnicity,Mixed or multiple ethnic groups: White and Asian,20141
E12000005,West Midlands,Region,ethnicity,Mixed or multiple ethnic groups: White and Black African,6726
E12000005,West Midlands,Region,ethnicity,Mixed or multiple ethnic groups: White and Black Caribbean,41904
E12000005,West Midlands,Region,ethnicity,Other ethnic group,86374
E12000005,West Midlands,Region,ethnicity,Other ethnic group: Any other ethnic group,66656
E12000005,West Midlands,Region,ethnicity,Other ethnic group: Arab,19718
E12000005,West Midlands,Region,ethnicity,White,3735004
E12000005,West Midlands,Region,ethnicity,White: Any other White background,201430
E12000005,West Midlands,Region,ethnicity,"White: English, Welsh, Scottish, Northern Irish or British",3478860
E12000005,West Midlands,Region,ethnicity,White: Gypsy or Irish Traveller,4115
E12000005,West Midlands,Region,ethnicity,White: Irish,45352
E12000005,West Midlands,Region,ethnicity,White: Roma,5243
E12000005,West Midlands,Region,gender,All,4835959
E12000005,West Midlands,Region,gender,Female,2475876
E12000005,West Midlands,Region,gender,Male,2360083
E12000006,East of England,Region,age_group,18 to 24,468190
E12000006,East of England,Region,age_group,18 to 64,3869569
E12000006,East of England,Region,age_group,25 to 44,1728124
E12000006,East of England,Region,age_group,45 to 64,1673255
E12000006,East of England,Region,age_group,65 and above,1312711
E12000006,East of England,Region,age_group,65 to 74,640048
E12000006,East of England,Region,age_group,75 to 84,486664
E12000006,East of England,Region,age_group,85 and above,185999
E12000006,East of England,Region,age_group,All,5182280
E12000006,East of England,Region,ethnicity,All,5004641
E12000006,East of England,Region,ethnicity,Asian or Asian British,296519
E12000006,East of England,Region,ethnicity,Asian or Asian British: Any other Asian background,61158
E12000006,East of England,Region,ethnicity,Asian or Asian British: Bangladeshi,33436
E12000006,East of England,Region,ethnicity,Asian or Asian British: Chinese,31546
E12000006,East of England,Region,ethnicity,Asian or Asian British: Indian,105137
E12000006,East of England,Region,ethnicity,Asian or Asian British: Pakistani,65243
E12000006,East of England,Region,ethnicity,"Black, Black British, Caribbean or African",133519
E12000006,East of England,Region,ethnicity,"Black, Black British, Caribbean or African: African",85230
E12000006,East of England,Region,ethnicity,"Black, Black British, Caribbean or African: Any other Black, Black British or Caribbean background",12378
E12000006,East of England,Region,ethnicity,"Black, Black British, Caribbean or African: Caribbean",35911
E12000006,East of England,Region,ethnicity,Mixed or multiple ethnic groups,87035
E12000006,East of England,Region,ethnicity,Mixed or multiple ethnic groups: Any other Mixed or multiple ethnic background,26615
E12000006,East of England,Region,ethnicity,Mixed or multiple ethnic groups: White and Asian,22957
E12000006,East of England,Region,ethnicity,Mixed or multiple ethnic groups: White and Black African,11169
E12000006,East of England,Region,ethnicity,Mixed or multiple ethnic groups: White and Black Caribbean,26296
E12000006,East of England,Region,ethnicity,Other ethnic group,64903
E12000006,East of England,Region,ethnicity,Other ethnic group: Any other ethnic group,54095
E12000006,East of England,Region,ethnicity,Other ethnic group: Arab,10809
E12000006,East of England,Region,ethnicity,White,4422661
E12000006,East of England,Region,ethnicity,White: Any other White background,350250
E12000006,East of England,Region,ethnicity,"White: English, Welsh, Scottish, Northern Irish or British",4004757
E12000006,East of England,Region,ethnicity,White: Gypsy or Irish Traveller,5888
E12000006,East of England,Region,ethnicity,White: Irish,54016
E12000006,East of England,Region,ethnicity,White: Roma,7750
E12000006,East of England,Region,gender,All,5182280
E12000006,East of England,Region,gender,Female,2671624
E12000006,East of England,Region,gender,Male,2510656
E12000007,London,Region,age_group,18 to 24,847135
E12000007,London,Region,age_group,18 to 64,6058153
E12000007,London,Region,age_group,25 to 44,3075646
E12000007,London,Region,age_group,45 to 64,2135372
E12000007,London,Region,age_group,65 and above,1115497
E12000007,London,Region,age_group,65 to 74,602152
E12000007,London,Region,age_group,75 to 84,365789
E12000007,London,Region,age_group,85 and above,147556
E12000007,London,Region,age_group,All,7173650
E12000007,London,Region,ethnicity,All,6901664
E12000007,London,Region,ethnicity,Asian or Asian British,1381193
E12000007,London,Region,ethnicity,Asian or Asian British: Any other Asian background,307033
E12000007,London,Region,ethnicity,Asian or Asian British: Bangladeshi,215347
E12000007,London,Region,ethnicity,Asian or Asian British: Chinese,127302
E12000007,London,Region,ethnicity,Asian or Asian British: Indian,527500
E12000007,London,Region,ethnicity,Asian or Asian British: Pakistani,204011
E12000007,London,Region,ethnicity,"Black, Black British, Caribbean or African",868321
E12000007,London,Region,ethnicity,"Black, Black British, Caribbean or African: African",499725
E12000007,London,Region,ethnicity,"Black, Black British, Caribbean or African: Any other Black, Black British or Caribbean background",81765
E12000007,London,Region,ethnicity,"Black, Black British, Caribbean or African: Caribbean",286832
E12000007,London,Region,ethnicity,Mixed or multiple ethnic groups,283452
E12000007,London,Region,ethnicity,Mixed or multiple ethnic groups: Any other Mixed or multiple ethnic background,101266
E12000007,London,Region,ethnicity,Mixed or multiple ethnic groups: White and Asian,63756
E12000007,London,Region,ethnicity,Mixed or multiple ethnic groups: White and Black African,42092
E12000007,London,Region,ethnicity,Mixed or multiple ethnic groups: White and Black Caribbean,76338
E12000007,London,Region,ethnicity,Other ethnic group,428519
E12000007,London,Region,ethnicity,Other ethnic group: Any other ethnic group,329190
E12000007,London,Region,ethnicity,Other ethnic group: Arab,99329
E12000007,London,Region,ethnicity,White,3940178
E12000007,London,Region,ethnicity,White: Any other White background,1099134
E12000007,London,Region,ethnicity,"White: English, Welsh, Scottish, Northern Irish or British",2657222
E12000007,London,Region,ethnicity,White: Gypsy or Irish Traveller,4690
E12000007,London,Region,ethnicity,White: Irish,146452
E12000007,London,Region,ethnicity,White: Roma,32680
E12000007,London,Region,gender,All,7173650
E12000007,London,Region,gender,Female,3744183
E12000007,London,Region,gender,Male,3429467
E12000008,South East,Region,age_group,18 to 24,728533
E12000008,South East,Region,age_group,18 to 64,5708361
E12000008,South East,Region,age_group,25 to 44,2492427
E12000008,South East,Region,age_group,45 to 64,2487401
E12000008,South East,Region,age_group,65 and above,1910667
E12000008,South East,Region,age_group,65 to 74,928044
E12000008,South East,Region,age_group,75 to 84,707043
E12000008,South East,Region,age_group,85 and above,275580
E12000008,South East,Region,age_group,All,7619028
E12000008,South East,Region,ethnicity,All,7340006
E12000008,South East,Region,ethnicity,Asian or Asian British,481431
E12000008,South East,Region,ethnicity,Asian or Asian British: Any other Asian background,123778
E12000008,South East,Region,ethnicity,Asian or Asian British: Bangladeshi,27363
E12000008,South East,Region,ethnicity,Asian or Asian British: Chinese,52352
E12000008,South East,Region,ethnicity,Asian or Asian British: Indian,181072
E12000008,South East,Region,ethnicity,Asian or Asian British: Pakistani,96868
E12000008,South East,Region,ethnicity,"Black, Black British, Caribbean or African",158611
E12000008,South East,Region,ethnicity,"Black, Black British, Caribbean or African: African",107404
E12000008,South East,Region,ethnicity,"Black, Black British, Caribbean or African: Any other Black, Black British or Caribbean background",13429
E12000008,South East,Region,ethnicity,"Black, Black British, Caribbean or African: Caribbean",37778
E12000008,South East,Region,ethnicity,Mixed or multiple ethnic groups,130660
E12000008,South East,Region,ethnicity,Mixed or multiple ethnic groups: Any other Mixed or multiple ethnic background,40980
E12000008,South East,Region,ethnicity,Mixed or multiple ethnic groups: White and Asian,40196
E12000008,South East,Region,ethnicity,Mixed or multiple ethnic groups: White and Black African,16592
E12000008,South East,Region,ethnicity,Mixed or multiple ethnic groups: White and Black Caribbean,32894
E12000008,South East,Region,ethnicity,Other ethnic group,104639
E12000008,South East,Region,ethnicity,Other ethnic group: Any other ethnic group,83359
E12000008,South East,Region,ethnicity,Other ethnic group: Arab,21280
E12000008,South East,Region,ethnicity,White,6464662
E12000008,South East,Region,ethnicity,White: Any other White background,490646
E12000008,South East,Region,ethnicity,"White: English, Welsh, Scottish, Northern Irish or British",5879867
E12000008,South East,Region,ethnicity,White: Gypsy or Irish Traveller,10756
E12000008,South East,Region,ethnicity,White: Irish,73107
E12000008,South East,Region,ethnicity,White: Roma,10285
E12000008,South East,Region,gender,All,7619028
E12000008,South East,Region,gender,Female,3944975
E12000008,South East,Region,gender,Male,3674053
E12000009,South West,Region,age_group,18 to 24,485428
E12000009,South West,Region,age_group,18 to 64,3434094
E12000009,South West,Region,age_group,25 to 44,1438949
E12000009,South West,Region,age_group,45 to 64,1509717
E12000009,South West,Region,age_group,65 and above,1341357
E12000009,South West,Region,age_group,65 to 74,652158
E12000009,South West,Region,age_group,75 to 84,502112
E12000009,South West,Region,age_group,85 and above,187087
E12000009,South West,Region,age_group,All,4775451
E12000009,South West,Region,ethnicity,All,4613317
E12000009,South West,Region,ethnicity,Asian or Asian British,122120
E12000009,South West,Region,ethnicity,Asian or Asian British: Any other Asian background,35355
E12000009,South West,Region,ethnicity,Asian or Asian British: Bangladeshi,8404
E12000009,South West,Region,ethnicity,Asian or Asian British: Chinese,21891
E12000009,South West,Region,ethnicity,Asian or Asian British: Indian,44359
E12000009,South West,Region,ethnicity,Asian or Asian British: Pakistani,12115
E12000009,South West,Region,ethnicity,"Black, Black British, Caribbean or African",50117
E12000009,South West,Region,ethnicity,"Black, Black British, Caribbean or African: African",30086
E12000009,South West,Region,ethnicity,"Black, Black British, Caribbean or African: Any other Black, Black British or Caribbean background",5040
E12000009,South West,Region,ethnicity,"Black, Black British, Caribbean or African: Caribbean",14990
E12000009,South West,Region,ethnicity,Mixed or multiple ethnic groups,61369
E12000009,South West,Region,ethnicity,Mixed or multiple ethnic groups: Any other Mixed or multiple ethnic background,18251
E12000009,South West,Region,ethnicity,Mixed or multiple ethnic groups: White and Asian,17820
E12000009,South West,Region,ethnicity,Mixed or multiple ethnic groups: White and Black African,7125
E12000009,South West,Region,ethnicity,Mixed or multiple ethnic groups: White and Black Caribbean,18173
E12000009,South West,Region,ethnicity,Other ethnic group,37166
E12000009,South West,Region,ethnicity,Other ethnic group: Any other ethnic group,29833
E12000009,South West,Region,ethnicity,Other ethnic group: Arab,7331
E12000009,South West,Region,ethnicity,White,4342546
E12000009,South West,Region,ethnicity,White: Any other White background,216114
E12000009,South West,Region,ethnicity,"White: English, Welsh, Scottish, Northern Irish or British",4087231
E12000009,South West,Region,ethnicity,White: Gypsy or Irish Traveller,4424
E12000009,South West,Region,ethnicity,White: Irish,30027
E12000009,South West,Region,ethnicity,White: Roma,4748
E12000009,South West,Region,gender,All,4775451
E12000009,South West,Region,gender,Female,2464261
E12000009,South West,Region,gender,Male,2311190
E92000001,England,National,age_group,18 to 24,4907856
E92000001,England,National,age_group,18 to 64,35455993
E92000001,England,National,age_group,25 to 44,15915453
E92000001,England,National,age_group,45 to 64,14632684
E92000001,England,National,age_group,65 and above,10981092
E92000001,England,National,age_group,65 to 74,5519950
E92000001,England,National,age_group,75 to 84,3977130
E92000001,England,National,age_group,85 and above,1484012
E92000001,England,National,age_group,All,46437085
E92000001,England,National,ethnicity,All,44715447
E92000001,England,National,ethnicity,Asian or Asian British,3977314
E92000001,England,National,ethnicity,Asian or Asian British: Any other Asian background,722030
E92000001,England,National,ethnicity,Asian or Asian British: Bangladeshi,417386
E92000001,England,National,ethnicity,Asian or Asian British: Chinese,360230
E92000001,England,National,ethnicity,Asian or Asian British: Indian,1436353
E92000001,England,National,ethnicity,Asian or Asian British: Pakistani,1041317
E92000001,England,National,ethnicity,"Black, Black British, Caribbean or African",1710423
E92000001,England,National,ethnicity,"Black, Black British, Caribbean or African: African",1032281
E92000001,England,National,ethnicity,"Black, Black British, Caribbean or African: Any other Black, Black British or Caribbean background",156513
E92000001,England,National,ethnicity,"Black, Black British, Caribbean or African: Caribbean",521628
E92000001,England,National,ethnicity,Mixed or multiple ethnic groups,868040
E92000001,England,National,ethnicity,Mixed or multiple ethnic groups: Any other Mixed or multiple ethnic background,258391
E92000001,England,National,ethnicity,Mixed or multiple ethnic groups: White and Asian,224740
E92000001,England,National,ethnicity,Mixed or multiple ethnic groups: White and Black African,113887
E92000001,England,National,ethnicity,Mixed or multiple ethnic groups: White and Black Caribbean,271021
E92000001,England,National,ethnicity,Other ethnic group,916397
E92000001,England,National,ethnicity,Other ethnic group: Any other ethnic group,697841
E92000001,England,National,ethnicity,Other ethnic group: Arab,218555
E92000001,England,National,ethnicity,White,37243274
E92000001,England,National,ethnicity,White: Any other White background,2984405
E92000001,England,National,ethnicity,"White: English, Welsh, Scottish, Northern Irish or British",33672022
E92000001,England,National,ethnicity,White: Gypsy or Irish Traveller,42534
E92000001,England,National,ethnicity,White: Irish,464668
E92000001,England,National,ethnicity,White: Roma,79645
E92000001,England,National,gender,All,46437085
E92000001,England,National,gender,Female,23953501
E92000001,England,National,gender,Male,22483584
